Empresa,Razão Social,CNPJ,Capital Social,Intervalo de capital,Segmento,Funcionários,Intervalo de Funcionários,Localização,job_industry_collection,job_functions_collection,Linkedin,Unique Segmento,Contagem de Segmento,Top Segmentos,
Lojas Torra,MAGAZINE TORRA TORRA LTDA,22.685.030/0001-11,"658,770,000.00",100 milhões – 1 bilhão,"Lojas de departamentos ou magazines, exceto lojas francas","5,724.00",5001-10000,Brazil,[{'job_industry_list': {'industry': 'Retail'}}],['Other'],https://www.linkedin.com/company/lojastorra,"Lojas de departamentos ou magazines, exceto lojas francas",1,********,211
Exati,EXATI TECNOLOGIA E DESENVOLVIMENTO DE SISTEMAS LTDA,18.434.112/0001-16,"1,000,000.00",100 mil – 1 milhão,Desenvolvimento e licenciamento de programas de computador customizáveis,171.00,51–200,Brazil,[{'job_industry_list': {'industry': 'IT Services and IT Consulting'}}],['Education and Training'],https://www.linkedin.com/company/exati-tecnologia,Desenvolvimento e licenciamento de programas de computador customizáveis,13,Desenvolvimento e licenciamento de programas de computador não-customizáveis,14
Akross,AKROSS PLATAFORMAS TECNOLOGICAS E SERVICOS LTDA.,32.275.954/0001-01,"500,000.00",100 mil – 1 milhão,Desenvolvimento de programas de computador sob encomenda,149.00,51–200,"Rio de Janeiro, Rio de Janeiro, Brazil",[{'job_industry_list': {'industry': 'IT Services and IT Consulting'}}],['Other'],https://www.linkedin.com/company/akross,Desenvolvimento de programas de computador sob encomenda,13,Desenvolvimento e licenciamento de programas de computador customizáveis,13
Passarelli,PASSARELLI ENGENHARIA E CONSTRUCAO LTDA.,60.625.829/0001-01,"58,378,065.50",10 – 100 milhões,Outras obras de engenharia civil não especificadas anteriormente,"1,188.00",1001-5000,"Campinas, São Paulo, Brazil",[{'job_industry_list': {'industry': 'Construction'}}],['Other'],https://www.linkedin.com/company/passarelliec,Outras obras de engenharia civil não especificadas anteriormente,1,Desenvolvimento de programas de computador sob encomenda,13
BeFly,BEFLY TRAVEL PARTICIPACOES S/A,00.168.403/0001-44,"658,905,262.00",100 milhões – 1 bilhão,Holdings de instituições não-financeiras,"2,498.00",1001-5000,Brazil,[{'job_industry_list': {'industry': 'Travel Arrangements'}}],['Other'],https://www.linkedin.com/company/beflyoficial,Holdings de instituições não-financeiras,7,"Atividades de intermediação e agenciamento de serviços e negócios em geral, exceto imobiliários",10
Sallve,SALLVE COMERCIO DE COSMETICOS LTDA.,32.124.385/0001-95,"133,613,112.00",100 milhões – 1 bilhão,"Comércio varejista de cosméticos, produtos de perfumaria e de higiene pessoal",211.00,201–500,"São Paulo, São Paulo, Brazil",[{'job_industry_list': {'industry': 'Personal Care Product Manufacturing'}}],"['Marketing, Public Relations, and Writing/Editing']",https://www.linkedin.com/company/sallve,"Comércio varejista de cosméticos, produtos de perfumaria e de higiene pessoal",2,Agências de viagens,8
LeCupon,LECUPON S.A.,26.989.697/0001-69,"510,000.00",100 mil – 1 milhão,Desenvolvimento e licenciamento de programas de computador não-customizáveis,82.00,51–200,"Belo Horizonte, Minas Gerais, Brazil",[{'job_industry_list': {'industry': 'IT Services and IT Consulting'}}],['Project Management and Information Technology'],https://www.linkedin.com/company/alloyalfidelidade,Desenvolvimento e licenciamento de programas de computador não-customizáveis,14,Consultoria em tecnologia da informação,8
ESSS,ENGINEERING SIMULATION AND SCIENTIFIC SOFTWARE LTDA,00.796.437/0001-83,"734,520.00",100 mil – 1 milhão,Serviços de engenharia,387.00,201–500,"Florianópolis, Santa Catarina, Brazil",[{'job_industry_list': {'industry': 'Software Development'}}],['Education and Training'],https://www.linkedin.com/company/esss,Serviços de engenharia,4,Holdings de instituições não-financeiras,7
Bernhoeft,GRT AUDITORIA DE TERCEIROS LTDA,26.852.688/0002-02,"4,300,000.00",1 – 10 milhões,Atividades de consultoria e auditoria contábil e tributária,833.00,501–1000,"Recife, Pernambuco, Brazil",[{'job_industry_list': {'industry': 'Accounting'}}],['Other'],https://www.linkedin.com/company/bernhoeft-contadores,Atividades de consultoria e auditoria contábil e tributária,1,Treinamento em desenvolvimento profissional e gerencial,7
Vetta,VETTA TECNOLOGIA S.A.,19.478.102/0001-45,"7,029,104.67",1 – 10 milhões,Desenvolvimento de programas de computador sob encomenda,317.00,201–500,"Belo Horizonte, Minas Gerais, Brazil",[{'job_industry_list': {'industry': 'IT Services and IT Consulting'}}],['Other'],https://www.linkedin.com/company/vettadigital,"Comércio varejista de mercadorias em geral, com predominância de produtos alimentícios - minimercados, mercearias e armazéns",2,Atividades de contabilidade,6
Ollie,OLLIE COSMETICOS LTDA,32.233.064/0001-29,"120,000.00",100 mil – 1 milhão,"Comércio varejista de cosméticos, produtos de perfumaria e de higiene pessoal",219.00,201–500,"São Paulo, São Paulo, Brazil",[{'job_industry_list': {'industry': 'Personal Care Product Manufacturing'}}],['Other'],https://www.linkedin.com/company/meuollie,,0,"Tratamento de dados, provedores de serviços de aplicação e serviços de hospedagem na internet",5
Vivian Festas,RFC COMERCIO DE MIUDEZAS LTDA,26.514.797/0001-39,"100,000.00",Até 100 mil,"Comércio varejista de mercadorias em geral, com predominância de produtos alimentícios - minimercados, mercearias e armazéns",392.00,201–500,"Barra, Bahia, Brazil",[{'job_industry_list': {'industry': 'Administrative and Support Services'}}],['Administrative'],https://www.linkedin.com/company/vivian-festas,"Tratamento de dados, provedores de serviços de aplicação e serviços de hospedagem na internet",5,"Suporte técnico, manutenção e outros serviços em tecnologia da informação",5
Tax.Co,,NÃO ENCONTRADO,,Até 100 mil,,190.00,51–200,"São Paulo, São Paulo, Brazil",[{'job_industry_list': {'industry': 'Accounting'}}],['Other'],https://www.linkedin.com/company/taxcobr,Comércio varejista de livros,1,Atividades de consultoria em gestão empresarial,5
Omie,OMIEXPERIENCE LTDA.,18.511.742/0001-47,"367,881,651.00",100 milhões – 1 bilhão,"Tratamento de dados, provedores de serviços de aplicação e serviços de hospedagem na internet","1,578.00",1001-5000,Brazil,[{'job_industry_list': {'industry': 'IT Services and IT Consulting'}}],['Other'],https://www.linkedin.com/company/omie,"Atividades de intermediação e agenciamento de serviços e negócios em geral, exceto imobiliários",10,Serviços de engenharia,4
Conexia Educação,CONEXIA EDUCACAO S.A.,12.669.046/0001-87,"128,027,754.00",100 milhões – 1 bilhão,Comércio varejista de livros,186.00,51–200,"Ribeirão Preto, São Paulo, Brazil",[{'job_industry_list': {'industry': 'Education Administration Programs'}}],['Other'],https://www.linkedin.com/company/conexiaeducacao,Agências de publicidade,3,Outras atividades auxiliares dos serviços financeiros não especificadas anteriormente,4
Construmarket,E-CONSTRUMARKET TECNOLOGIA E SERVICOS S.A.,03.706.177/0001-04,"11,566,000.00",10 – 100 milhões,Desenvolvimento e licenciamento de programas de computador não-customizáveis,211.00,201–500,"São Paulo, São Paulo, Brazil",[{'job_industry_list': {'industry': 'IT Services and IT Consulting'}}],"['Research, Analyst, and Information Technology']",https://www.linkedin.com/company/construmarketoficial,"Confecção de peças de vestuário, exceto roupas íntimas e as confeccionadas sob medida",1,Educação superior - graduação e pós-graduação,4
Flytour,BEFLY TRAVEL PARTICIPACOES S/A,00.168.403/0001-44,"658,905,262.00",100 milhões – 1 bilhão,Holdings de instituições não-financeiras,"1,172.00",1001-5000,"São Paulo, São Paulo, Brazil",[{'job_industry_list': {'industry': 'Travel Arrangements'}}],"['Consulting, Information Technology, and Sales']",https://www.linkedin.com/company/flytour,Serviços advocatícios,2,Seleção e agenciamento de mão-de-obra,4
Familhão,FAMILHAO ENGAJAMENTO E INTERMEDIACAO S.A.,49.520.113/0001-07,"30,624,806.36",10 – 100 milhões,"Atividades de intermediação e agenciamento de serviços e negócios em geral, exceto imobiliários",83.00,51–200,"Barueri, São Paulo, Brazil",[{'job_industry_list': {'industry': 'IT Services and IT Consulting'}}],['Other'],https://www.linkedin.com/company/familhao,Locação de mão-de-obra temporária,2,Agências de publicidade,3
Artplan,ARTPLAN COMUNICACAO S/A,33.673.286/0001-25,"22,744,287.16",10 – 100 milhões,Agências de publicidade,564.00,501–1000,"São Paulo, São Paulo, Brazil",[{'job_industry_list': {'industry': 'Public Relations and Communications Services'}}],['Other'],https://www.linkedin.com/company/artplan,Comércio atacadista de equipamentos de informática,2,"Transporte rodoviário de carga, exceto produtos perigosos e mudanças, intermunicipal, interestadual e internacional",3
Aprova,APROVA DIGITAL S/A,24.757.040/0001-40,"24,949,997.00",10 – 100 milhões,Desenvolvimento e licenciamento de programas de computador customizáveis,222.00,201–500,"Cascavel, Paraná, Brazil",[{'job_industry_list': {'industry': 'IT Services and IT Consulting'}}],['Sales and Management'],https://www.linkedin.com/company/aprovadigital,Outras atividades auxiliares dos serviços financeiros não especificadas anteriormente,4,Serviços combinados de escritório e apoio administrativo,3
Shift,SHIFT CONSULTORIA E SISTEMAS LTDA,67.190.660/0001-53,"150,000.00",100 mil – 1 milhão,Desenvolvimento de programas de computador sob encomenda,328.00,201–500,"São José do Rio Preto, São Paulo, Brazil",[{'job_industry_list': {'industry': 'IT Services and IT Consulting'}}],['Other'],https://www.linkedin.com/company/shift-pulsa-pela-vida,Agências de viagens,8,"Portais, provedores de conteúdo e outros serviços de informação na internet",3
Shoulder,SHOULDER S.A.,43.470.566/0001-90,"19,036,404.20",10 – 100 milhões,"Confecção de peças de vestuário, exceto roupas íntimas e as confeccionadas sob medida","1,432.00",1001-5000,"Rio de Janeiro, Rio de Janeiro, Brazil",[{'job_industry_list': {'industry': 'Retail'}}],['Purchasing and Supply Chain'],https://www.linkedin.com/company/shoulder,Educação superior - graduação e pós-graduação,4,Gestão de ativos intangíveis não-financeiros,3
Lacerda Diniz Machado,LACERDA DINIZ ADVOGADOS,03.119.862/0001-26,"22,000.00",Até 100 mil,Serviços advocatícios,232.00,201–500,"Belo Horizonte, Minas Gerais, Brazil",[{'job_industry_list': {'industry': 'Legal Services'}}],['Education and Training'],https://www.linkedin.com/company/lacerdadinizmachado,"Transporte rodoviário de carga, exceto produtos perigosos e mudanças, intermunicipal, interestadual e internacional",3,"Comércio varejista de cosméticos, produtos de perfumaria e de higiene pessoal",2
Egis,EGIS - ENGENHARIA E CONSULTORIA LTDA.,44.239.135/0005-03,"98,461,916.00",10 – 100 milhões,Serviços de engenharia,"13,160.00",+10000,"São Paulo, São Paulo, Brazil",[{'job_industry_list': {'industry': 'Transportation/Trucking/Railroad'}}],['Other'],https://www.linkedin.com/company/egis,Comércio varejista especializado de equipamentos e suprimentos de informática,2,"Comércio varejista de mercadorias em geral, com predominância de produtos alimentícios - minimercados, mercearias e armazéns",2
Work On,WORK ON PEOPLE SERVICOS LTDA,11.828.071/0001-01,"440,000.00",100 mil – 1 milhão,Locação de mão-de-obra temporária,"1,972.00",1001-5000,"Belo Horizonte, Minas Gerais, Brazil",[{'job_industry_list': {'industry': 'Human Resources Services'}}],['Sales and Business Development'],https://www.linkedin.com/company/workongroup,Atividades de fisioterapia,1,Serviços advocatícios,2
Connectoway,CONNECTOWAY SOLUCOES INTELIGENTES EM TECNOLOGIA S.A,03.822.909/0001-13,"23,380,000.00",10 – 100 milhões,Comércio atacadista de equipamentos de informática,167.00,51–200,"Recife, Pernambuco, Brazil",[{'job_industry_list': {'industry': 'Telecommunications'}}],['Other'],https://www.linkedin.com/company/connectoway-solu%c3%a7%c3%b5es,Outras atividades de serviços pessoais não especificadas anteriormente,1,Locação de mão-de-obra temporária,2
Grafeno,GRAFENO PAGAMENTOS LTDA.,32.087.027/0001-50,"2,747,324.00",1 – 10 milhões,Outras atividades auxiliares dos serviços financeiros não especificadas anteriormente,225.00,201–500,"São Paulo, São Paulo, Brazil",[{'job_industry_list': {'industry': 'Banking'}}],['Other'],https://www.linkedin.com/company/grafenodigital,"Agenciamento de espaços para publicidade, exceto em veículos de comunicação",1,Comércio atacadista de equipamentos de informática,2
All Set Comunicação,3C DESENVOLVIMENTO DE SOLUCOES LTDA,17.570.721/0001-30,"120,000.00",100 mil – 1 milhão,Agências de publicidade,191.00,51–200,"São Paulo, São Paulo, Brazil",[{'job_industry_list': {'industry': 'IT Services and IT Consulting'}}],['Other'],https://www.linkedin.com/company/all-set-comunica%c3%a7%c3%a3o,Treinamento em desenvolvimento profissional e gerencial,7,Comércio varejista especializado de equipamentos e suprimentos de informática,2
Booksy,BOOKSY BRASIL LTDA,24.961.182/0001-25,"894,848.00",100 mil – 1 milhão,"Atividades de intermediação e agenciamento de serviços e negócios em geral, exceto imobiliários",944.00,501–1000,"São Paulo, Brazil",[{'job_industry_list': {'industry': 'Internet Marketplace Platforms'}}],['Sales and Business Development'],https://www.linkedin.com/company/booksy,Comércio por atacado de peças e acessórios novos para veículos automotores,1,Marketing direto,2
Reservia,FLY PACK OPERADORA DE TURISMO LTDA,04.470.074/0001-42,"6,832,438.00",1 – 10 milhões,Agências de viagens,24.00,11–50,Brazil,[{'job_industry_list': {'industry': 'Travel Arrangements'}}],['Sales and Business Development'],https://www.linkedin.com/company/reservia-befly,Fabricação de aparelhos e equipamentos para distribuição e controle de energia elétrica,1,"Fabricação de outras máquinas e equipamentos de uso geral não especificados anteriormente, peças e acessórios",2
Belvitur,,NÃO ENCONTRADO,,Até 100 mil,,174.00,51–200,"Belo Horizonte, Minas Gerais, Brazil",[{'job_industry_list': {'industry': 'Travel Arrangements'}}],['Business Development and Sales'],https://www.linkedin.com/company/belvitur,Consultoria em tecnologia da informação,8,"Corretores e agentes de seguros, de planos de previdência complementar e de saúde",2
Swile,,NÃO ENCONTRADO,,Até 100 mil,,697.00,501–1000,"São Paulo, São Paulo, Brazil",[{'job_industry_list': {'industry': 'Financial Services'}}],['Finance and Sales'],https://www.linkedin.com/company/swile,"Comércio varejista de produtos farmacêuticos, sem manipulação de fórmulas",1,"Atividades de consultoria em gestão empresarial, exceto consultoria técnica específica",2
BPO4u,,NÃO ENCONTRADO,,Até 100 mil,,17.00,11–50,"Florianópolis, Santa Catarina, Brazil",[{'job_industry_list': {'industry': 'Accounting'}}],['Other'],https://www.linkedin.com/company/bpo4u,"Comércio atacadista de artigos de cama, mesa e banho",1,Comércio varejista de produtos alimentícios em geral ou especializado em produtos alimentícios não especificados anteriormente,2
I-Systems,I.SYSTEMS AUTOMACAO INDUSTRIAL S.A.,08.998.654/0001-68,"26,780,662.50",10 – 100 milhões,Desenvolvimento e licenciamento de programas de computador customizáveis,239.00,201–500,"Rio de Janeiro, Rio de Janeiro, Brazil",[{'job_industry_list': {'industry': 'Telecommunications'}}],"['Consulting, Information Technology, and Sales']",https://www.linkedin.com/company/ihs-i-systems,Fabricação de estruturas metálicas,1,Comércio varejista especializado de equipamentos de telefonia e comunicação,2
Join LinkedIn,REHAGRO - RECURSOS HUMANOS NO AGRONEGOCIO S.A.,05.473.134/0001-43,"21,508,761.00",10 – 100 milhões,Educação superior - graduação e pós-graduação,Não encontrado,+10000,"Belo Horizonte, Minas Gerais, Brazil",[{'job_industry_list': {'industry': 'Education'}}],['Sales'],https://www.linkedin.com/school/rehagro/,"Suporte técnico, manutenção e outros serviços em tecnologia da informação",5,Comércio atacadista de energia elétrica,2
Hect,HORMIGON HECT ENGENHARIA LTDA,07.247.201/0001-37,"500,000.00",100 mil – 1 milhão,Serviços de engenharia,105.00,51–200,"Belo Horizonte, Minas Gerais, Brazil",[{'job_industry_list': {'industry': 'Business Consulting and Services'}}],['Accounting/Auditing'],https://www.linkedin.com/company/hectconsultoria,Marketing direto,2,Corretagem na compra e venda e avaliação de imóveis,2
INFLOR,INFLOR CONSULTORIA E SISTEMAS LTDA,04.643.363/0001-04,"200,000.00",100 mil – 1 milhão,Desenvolvimento de programas de computador sob encomenda,128.00,51–200,Brazil,[{'job_industry_list': {'industry': 'IT Services and IT Consulting'}}],['Other'],https://www.linkedin.com/company/inflor,Distribuidoras de títulos e valores mobiliários,1,"Lojas de departamentos ou magazines, exceto lojas francas",1
Cidadania Já,CJA - ASSESSORIA E PREPARACAO DE DOCUMENTOS LTDA.,27.759.269/0001-02,"15,000.00",Até 100 mil,"Atividades de intermediação e agenciamento de serviços e negócios em geral, exceto imobiliários",207.00,201–500,"Rio de Janeiro, Rio de Janeiro, Brazil",[{'job_industry_list': {'industry': 'Consumer Services'}}],['Human Resources'],https://www.linkedin.com/company/cidadaniaja,Conservação de florestas nativas,1,Outras obras de engenharia civil não especificadas anteriormente,1
Redesul,REDE SUL DE LOGISTICA S/A,27.221.173/0001-96,"250,040.00",100 mil – 1 milhão,"Transporte rodoviário de carga, exceto produtos perigosos e mudanças, intermunicipal, interestadual e internacional",47.00,11–50,"Florianópolis, Santa Catarina, Brazil","[{'job_industry_list': {'industry': 'Health, Wellness & Fitness'}}]",['Customer Service'],https://www.linkedin.com/company/redesulsaude,"Fabricação de outras máquinas e equipamentos de uso geral não especificados anteriormente, peças e acessórios",2,Atividades de consultoria e auditoria contábil e tributária,1
Software.com.br,SOFTWARE.COM.BR TECNOLOGIA E CONSULTORIA LTDA.,09.240.519/0001-11,"100,000.00",Até 100 mil,Comércio varejista especializado de equipamentos e suprimentos de informática,95.00,51–200,"São Paulo, São Paulo, Brazil",[{'job_industry_list': {'industry': 'IT Services and IT Consulting'}}],[],https://www.linkedin.com/company/software-tecnologia,Serviços combinados de escritório e apoio administrativo,3,Comércio varejista de livros,1
Agrotis,AGROTIS AGROINFORMATICA S/A,82.413.816/0001-01,"3,000,000.00",1 – 10 milhões,Desenvolvimento e licenciamento de programas de computador customizáveis,296.00,201–500,"Curitiba, Paraná, Brazil",[{'job_industry_list': {'industry': 'Software Development'}}],['Engineering and Information Technology'],https://www.linkedin.com/company/softwareagrotis,"Corretores e agentes de seguros, de planos de previdência complementar e de saúde",2,"Confecção de peças de vestuário, exceto roupas íntimas e as confeccionadas sob medida",1
TrueChange,TRUE CHANGE TECNOLOGIA LTDA,14.467.292/0001-81,"500,000.00",100 mil – 1 milhão,Desenvolvimento e licenciamento de programas de computador não-customizáveis,221.00,201–500,Brazil,[{'job_industry_list': {'industry': 'IT Services and IT Consulting'}}],['Other'],https://www.linkedin.com/company/truechange,Obras de montagem industrial,1,Atividades de fisioterapia,1
iugu,IUGU INSTITUICAO DE PAGAMENTO S.A.,15.111.975/0001-64,"129,763,081.79",100 milhões – 1 bilhão,Desenvolvimento e licenciamento de programas de computador não-customizáveis,311.00,201–500,"São Paulo, São Paulo, Brazil",[{'job_industry_list': {'industry': 'Financial Services'}}],['Legal'],https://www.linkedin.com/company/iugu,Comércio varejista de material elétrico,1,Outras atividades de serviços pessoais não especificadas anteriormente,1
Sanus,SANUS ATENDIMENTO EM SAUDE E QUALIDADE DE VIDA LTDA,32.743.736/0001-46,"100,000.00",Até 100 mil,Atividades de fisioterapia,57.00,51–200,"São Paulo, São Paulo, Brazil",[{'job_industry_list': {'industry': 'Public Health'}}],['Other'],https://www.linkedin.com/company/sanus-tech,Provedores de acesso às redes de comunicações,1,"Agenciamento de espaços para publicidade, exceto em veículos de comunicação",1
Casa Prado,CASA PRADO E COMERCIO E CONFECCOES LTDA,03.464.153/0001-88,0.00,Até 100 mil,Outras atividades de serviços pessoais não especificadas anteriormente,95.00,51–200,"Mato Grosso, Brazil",[{'job_industry_list': {'industry': 'Retail Apparel and Fashion'}}],['Sales'],https://www.linkedin.com/company/casaprado,Comércio atacadista de madeira e produtos derivados,1,Comércio por atacado de peças e acessórios novos para veículos automotores,1
Eletromidia,ELETROMIDIA S.A.,09.347.516/0001-81,"257,809,216.48",100 milhões – 1 bilhão,"Agenciamento de espaços para publicidade, exceto em veículos de comunicação",868.00,501–1000,"Cuiabá, Mato Grosso, Brazil",[{'job_industry_list': {'industry': 'Advertising Services'}}],['Management and Manufacturing'],https://www.linkedin.com/company/eletromidia,Serviços de reservas e outros serviços de turismo não especificados anteriormente,1,Fabricação de aparelhos e equipamentos para distribuição e controle de energia elétrica,1
Join LinkedIn,CSA TECNOLOGIA E TREINAMENTOS LTDA,28.822.852/0001-83,"99,800.00",Até 100 mil,Treinamento em desenvolvimento profissional e gerencial,Não encontrado,+10000,"Jundiaí, São Paulo, Brazil",[{'job_industry_list': {'industry': 'Education Administration Programs'}}],['Other'],https://www.linkedin.com/school/csacademy-br/,Atividades de consultoria em gestão empresarial,5,"Comércio varejista de produtos farmacêuticos, sem manipulação de fórmulas",1
Atlas Governance,ATLAS GOVERNANCE TECNOLOGIA LTDA,25.462.636/0001-86,"38,577,879.25",10 – 100 milhões,Desenvolvimento e licenciamento de programas de computador não-customizáveis,192.00,51–200,Brazil,[{'job_industry_list': {'industry': 'IT Services and IT Consulting'}}],['Other'],https://www.linkedin.com/company/atlas-governance,Comércio atacadista de soja,1,"Comércio atacadista de artigos de cama, mesa e banho",1
Fluencypass,,NÃO ENCONTRADO,,Até 100 mil,,84.00,51–200,"São Bernardo do Campo, São Paulo, Brazil",[{'job_industry_list': {'industry': 'Education'}}],['Other'],https://www.linkedin.com/company/fluencypass,********,211,Fabricação de estruturas metálicas,1
Better Now,,NÃO ENCONTRADO,,Até 100 mil,,88.00,51–200,"São Paulo, Brazil",[{'job_industry_list': {'industry': 'IT Services and IT Consulting'}}],['Engineering and Information Technology'],https://www.linkedin.com/company/better-now,"Atividades de consultoria em gestão empresarial, exceto consultoria técnica específica",2,Distribuidoras de títulos e valores mobiliários,1
Start Carreiras,,NÃO ENCONTRADO,,Até 100 mil,,42.00,11–50,"São Paulo, São Paulo, Brazil",[{'job_industry_list': {'industry': 'Software Development'}}],"['Customer Service, Business Development, and Sales']",https://www.linkedin.com/company/start-carreiras,Incorporação de empreendimentos imobiliários,1,Conservação de florestas nativas,1
Fretadão,,NÃO ENCONTRADO,,Até 100 mil,,190.00,51–200,Brazil,[{'job_industry_list': {'industry': 'IT Services and IT Consulting'}}],['Management and Manufacturing'],https://www.linkedin.com/company/usefretadao,Fornecimento de alimentos preparados preponderantemente para empresas,1,Obras de montagem industrial,1
Sunne,,NÃO ENCONTRADO,,Até 100 mil,,100.00,51–200,"Fortaleza, Ceará, Brazil",[{'job_industry_list': {'industry': 'IT Services and IT Consulting'}}],['Business Development and Sales'],https://www.linkedin.com/company/sunnebrasil,"Aluguel de outras máquinas e equipamentos comerciais e industriais não especificados anteriormente, sem operador",1,Comércio varejista de material elétrico,1
Framework Digital,,NÃO ENCONTRADO,,Até 100 mil,,406.00,201–500,"Belo Horizonte, Minas Gerais, Brazil",[{'job_industry_list': {'industry': 'IT Services and IT Consulting'}}],['Information Technology'],https://www.linkedin.com/company/frameworkdigital,Ensino fundamental,1,Provedores de acesso às redes de comunicações,1
NTS - Nova Transportadora do Sudeste,,NÃO ENCONTRADO,,Até 100 mil,,348.00,201–500,"Rio de Janeiro, Rio de Janeiro, Brazil",[{'job_industry_list': {'industry': 'Oil and Gas'}}],['Management and Manufacturing'],https://www.linkedin.com/company/nts-nova-transportadora-do-sudeste,"Portais, provedores de conteúdo e outros serviços de informação na internet",3,Comércio atacadista de madeira e produtos derivados,1
Sua Música,"SUA MUSICA DIGITAL SERVICOS PARA ARTISTAS, PRODUCAO & EDITORA LTDA",37.253.847/0001-98,"100,000.00",Até 100 mil,"Atividades de intermediação e agenciamento de serviços e negócios em geral, exceto imobiliários",293.00,201–500,"São Paulo, São Paulo, Brazil",[{'job_industry_list': {'industry': 'Entertainment'}}],[],https://www.linkedin.com/company/suamusica,Fabricação de cronômetros e relógios,1,Serviços de reservas e outros serviços de turismo não especificados anteriormente,1
Apside Switzerland,BRAZMAX COMERCIO DE PRODUTOS AUTOMOTIVOS LTDA,04.208.093/0001-03,"780,000.00",100 mil – 1 milhão,Comércio por atacado de peças e acessórios novos para veículos automotores,15.00,11–50,"Itabira, Minas Gerais, Brazil",[{'job_industry_list': {'industry': 'IT Services and IT Consulting'}}],['Engineering and Information Technology'],https://www.linkedin.com/company/apside-suisse,Comércio atacadista de embalagens,1,Comércio atacadista de soja,1
Brazmax,VERTEX INDUSTRIA E COMERCIO LTDA,88.617.493/0001-54,"20,000.00",Até 100 mil,Fabricação de aparelhos e equipamentos para distribuição e controle de energia elétrica,95.00,51–200,"Simões Filho, Bahia, Brazil",[{'job_industry_list': {'industry': 'Wholesale Petroleum and Petroleum Products'}}],['Sales'],https://www.linkedin.com/company/brazmax,Treinamento em informática,1,Incorporação de empreendimentos imobiliários,1
Vertex,CERTSYS TECNOLOGIA DA INFORMACAO LTDA,08.821.745/0001-23,"24,060,456.00",10 – 100 milhões,Desenvolvimento e licenciamento de programas de computador customizáveis,119.00,51–200,"Rio de Janeiro, Rio de Janeiro, Brazil",[{'job_industry_list': {'industry': 'IT Services and IT Consulting'}}],['Sales and Business Development'],https://www.linkedin.com/company/vertexdigital,Atividades de contabilidade,6,Fornecimento de alimentos preparados preponderantemente para empresas,1
Certsys,,07.536.218/0001-04,,Até 100 mil,,187.00,51–200,"São Paulo, São Paulo, Brazil",[{'job_industry_list': {'industry': 'IT Services and IT Consulting'}}],['Human Resources'],https://www.linkedin.com/company/certsystecnologia,Locação de automóveis sem condutor,1,"Aluguel de outras máquinas e equipamentos comerciais e industriais não especificados anteriormente, sem operador",1
Five Acts,"FIVE ACTS COMERCIO, ASSESSORIA, CONSULTORIA E TREINAMENTOS EM INFORMATICA LTDA",25.228.539/0001-23,"200,000.00",100 mil – 1 milhão,Consultoria em tecnologia da informação,57.00,51–200,"São Paulo, São Paulo, Brazil",[{'job_industry_list': {'industry': 'IT Services and IT Consulting'}}],['Information Technology'],https://www.linkedin.com/company/fiveacts,Comércio varejista de produtos alimentícios em geral ou especializado em produtos alimentícios não especificados anteriormente,2,Ensino fundamental,1
Far.me,FAR.ME FARMACOTERAPIA OTIMIZADA S.A.,12.860.100/0004-10,"64,913,625.00",10 – 100 milhões,"Comércio varejista de produtos farmacêuticos, sem manipulação de fórmulas",87.00,51–200,"São Paulo, São Paulo, Brazil",[{'job_industry_list': {'industry': 'Retail'}}],['Management and Manufacturing'],https://www.linkedin.com/company/farme,Promoção de vendas,1,Fabricação de cronômetros e relógios,1
Vestcasa,BAHER COMERCIAL IMPORTADORA E EXPORTADORA LTDA,41.428.341/0001-40,"1,119,000.00",1 – 10 milhões,"Comércio atacadista de artigos de cama, mesa e banho","1,162.00",1001-5000,"São Paulo, São Paulo, Brazil",[{'job_industry_list': {'industry': 'Retail'}}],['Management and Manufacturing'],https://www.linkedin.com/company/vestcasa,Instalações de sistema de prevenção contra incêndio,1,Comércio atacadista de embalagens,1
Gralha Azul Portas - Madeiras - ACM Premium DOORS,GRALHA AZUL PORTAS DE ACM LTDA,21.153.354/0001-46,"30,000.00",Até 100 mil,Fabricação de estruturas metálicas,37.00,11–50,"Curitiba, Paraná, Brazil",[{'job_industry_list': {'industry': 'Construction'}}],['Engineering'],https://www.linkedin.com/company/gralha-azul-portas-e-madeiras,Fornecimento e gestão de recursos humanos para terceiros,1,Treinamento em informática,1
Develcode,DEVELCODE INFORMATICA LTDA,01.168.581/0001-38,"500,000.00",100 mil – 1 milhão,"Suporte técnico, manutenção e outros serviços em tecnologia da informação",114.00,51–200,"Caxias do Sul, Rio Grande do Sul, Brazil",[{'job_industry_list': {'industry': 'IT Services and IT Consulting'}}],['Administrative'],https://www.linkedin.com/company/develcode,Não encontrado,1,Locação de automóveis sem condutor,1
"OCL-Olivieri, Carvalho & Lievori Advogados Associados","OLIVIERI, CARVALHO E LIEVORI ADVOGADOS ASSOCIADOS",48.397.969/0001-74,"18,000.00",Até 100 mil,Serviços advocatícios,127.00,51–200,"Vitoria, Brazil Metropolitan Area",[{'job_industry_list': {'industry': 'Legal Services'}}],['Administrative'],https://www.linkedin.com/company/ocl-advogados-associados,Atividades de monitoramento de sistemas de segurança eletrônico,1,Promoção de vendas,1
tmdigital.ag,TMDIGITAL MARKETING E SOFTWARE LTDA,22.610.500/0001-88,"15,000.00",Até 100 mil,Marketing direto,26.00,11–50,Brazil,[{'job_industry_list': {'industry': 'Financial Services'}}],['Engineering and Information Technology'],https://www.linkedin.com/company/tmdigital-ag,Outras atividades de publicidade não especificadas anteriormente,1,Instalações de sistema de prevenção contra incêndio,1
Vórtx,VORTX DISTRIBUIDORA DE TITULOS E VALORES MOBILIARIOS LTDA,17.455.912/0001-50,"8,688,388.00",1 – 10 milhões,Distribuidoras de títulos e valores mobiliários,299.00,201–500,"São Paulo, São Paulo, Brazil",[{'job_industry_list': {'industry': 'Financial Services'}}],['Sales and Business Development'],https://www.linkedin.com/company/v%c3%b3rtx-distribuidora-de-t%c3%adtulos-e-valores-mobili%c3%a1rios-ltda-,Atividades de cobrança e informações cadastrais,1,Fornecimento e gestão de recursos humanos para terceiros,1
Buson,BUSON VIAGENS LTDA,35.365.488/0001-35,"12,966,981.16",10 – 100 milhões,Agências de viagens,92.00,51–200,"São José dos Campos, São Paulo, Brazil",[{'job_industry_list': {'industry': 'IT Services and IT Consulting'}}],['Customer Service and Information Technology'],https://www.linkedin.com/company/buson-brasil,Comércio atacadista de material elétrico,1,Não encontrado,1
MORFO,MORFO BRASIL UNIPESSOAL LTDA,35.365.488/0001-35,"305,000.00",100 mil – 1 milhão,Conservação de florestas nativas,50.00,11–50,"Rio de Janeiro, Rio de Janeiro, Brazil",[{'job_industry_list': {'industry': 'Environmental Services'}}],['Engineering and Information Technology'],https://www.linkedin.com/company/morforest,Seleção e agenciamento de mão-de-obra,4,Atividades de monitoramento de sistemas de segurança eletrônico,1
Gilbarco Veeder-Root Latin America,GILBARCO VEEDER-ROOT SOLUCOES INDUSTRIA E COMERCIO LTDA,04.893.402/0001-13,"159,638,759.00",100 milhões – 1 bilhão,"Fabricação de outras máquinas e equipamentos de uso geral não especificados anteriormente, peças e acessórios",147.00,51–200,"Barueri, São Paulo, Brazil",[{'job_industry_list': {'industry': 'Oil and Gas'}}],['Management and Manufacturing'],https://www.linkedin.com/company/gilbarco-veeder-root-latam,Gestão de ativos intangíveis não-financeiros,3,Outras atividades de publicidade não especificadas anteriormente,1
LEME Inteligência Forense,LEME INTELIGENCIA FORENSE E CONSULTORIA EMPRESARIAL LTDA,10.999.476/0001-31,"630,000.00",100 mil – 1 milhão,Serviços combinados de escritório e apoio administrativo,89.00,51–200,"Pinhais, Paraná, Brazil",[{'job_industry_list': {'industry': 'IT Services and IT Consulting'}}],['Administrative'],https://www.linkedin.com/company/lemeforense,"Aluguel de objetos do vestuário, jóias e acessórios",1,Atividades de cobrança e informações cadastrais,1
Huisman,HUISMAN DO BRASIL SERVICOS LTDA.,07.004.850/0001-07,"618,408.00",100 mil – 1 milhão,"Fabricação de outras máquinas e equipamentos de uso geral não especificados anteriormente, peças e acessórios","1,136.00",1001-5000,"Navegantes, Santa Catarina, Brazil",[{'job_industry_list': {'industry': 'Machinery Manufacturing'}}],['Engineering'],https://www.linkedin.com/company/huisman,Produção e promoção de eventos esportivos,1,Comércio atacadista de material elétrico,1
STB Student Travel Bureau,S T B STUDENT TRAVEL BUREAU -VIAGENS E TURISMO LTDA,43.483.122/0001-99,"268,000.00",100 mil – 1 milhão,Agências de viagens,334.00,201–500,"São Paulo, São Paulo, Brazil",[{'job_industry_list': {'industry': 'Travel Arrangements'}}],"['Analyst', 'Management and Manufacturing']",https://www.linkedin.com/company/stb-student-travel-bureau,"Fabricação de tintas, vernizes, esmaltes e lacas",1,"Aluguel de objetos do vestuário, jóias e acessórios",1
Onze,ONZE CORRETORA DE SEGUROS LTDA,29.178.278/0001-35,"142,916,126.00",100 milhões – 1 bilhão,"Corretores e agentes de seguros, de planos de previdência complementar e de saúde",156.00,51–200,"São Paulo, São Paulo, Brazil",[{'job_industry_list': {'industry': 'Financial Services'}}],"['Consulting, Analyst, and Customer Service']",https://www.linkedin.com/company/onze-oficial,Manutenção e reparação de veículos ferroviários,1,Produção e promoção de eventos esportivos,1
Método Engenharia,METODO ENGENHARIA LTDA - EM RECUPERACAO JUDICIAL,58.700.428/0001-27,"40,000,000.00",10 – 100 milhões,Obras de montagem industrial,909.00,501–1000,Brazil,[{'job_industry_list': {'industry': 'Construction'}}],['Other'],https://www.linkedin.com/company/metodo-engenharia,"Lanchonetes, casas de chá, de sucos e similares",1,"Fabricação de tintas, vernizes, esmaltes e lacas",1
Revenda Mais,MARCHETTI E MARCHETTI TECNOLOGIA LTDA,03.995.142/0001-24,"100,000.00",Até 100 mil,"Suporte técnico, manutenção e outros serviços em tecnologia da informação",60.00,51–200,"Curitiba, Paraná, Brazil",[{'job_industry_list': {'industry': 'IT Services and IT Consulting'}}],['Engineering and Information Technology'],https://www.linkedin.com/company/revenda-mais,Comércio varejista especializado de equipamentos de telefonia e comunicação,2,Manutenção e reparação de veículos ferroviários,1
Grand Commerce,GRAND COMMERCE LTDA,22.745.664/0001-12,"4,650,000.00",1 – 10 milhões,Comércio varejista de material elétrico,77.00,51–200,"Curitiba, Paraná, Brazil",[{'job_industry_list': {'industry': 'Retail'}}],['Business Development and Sales'],https://www.linkedin.com/company/grandcommerce,Atividades de condicionamento físico,1,"Lanchonetes, casas de chá, de sucos e similares",1
Talklink,TALKLINK COMERCIO DE EQUIPAMENTOS E SERVICOS DE COMUNICACAO LTDA,02.382.035/0001-68,"104,500.00",100 mil – 1 milhão,Provedores de acesso às redes de comunicações,88.00,51–200,"Rio Claro, São Paulo, Brazil",[{'job_industry_list': {'industry': 'Telecommunications'}}],['Business Development and Sales'],https://www.linkedin.com/company/talklink,Operadores turísticos,1,Atividades de condicionamento físico,1
Digix,DIGITHOBRASIL SOLUCOES EM SOFTWARE LTDA,04.496.152/0001-88,"10,000,000.00",1 – 10 milhões,Desenvolvimento e licenciamento de programas de computador não-customizáveis,391.00,201–500,"Campo Grande, Mato Grosso do Sul, Brazil",[{'job_industry_list': {'industry': 'IT System Custom Software Development'}}],"['Research, Analyst, and Information Technology']",https://www.linkedin.com/company/somosdigix,Fabricação de outros produtos alimentícios não especificados anteriormente,1,Operadores turísticos,1
BWP SA,BWP TRADING COMERCIO ATACADISTA E SERVICOS LTDA,31.825.480/0005-87,"300,000.00",100 mil – 1 milhão,Comércio atacadista de madeira e produtos derivados,38.00,11–50,"Vila Velha, Espírito Santo, Brazil",[{'job_industry_list': {'industry': 'International Trade and Development'}}],['Finance and Sales'],https://www.linkedin.com/company/bwptrading,"Comércio atacadista de artigos do vestuário e acessórios, exceto profissionais e de segurança",1,Fabricação de outros produtos alimentícios não especificados anteriormente,1
Busbud,BUSBUD BRASIL RESERVA DE PASSAGENS LTDA.,28.335.817/0001-30,"121,119.00",100 mil – 1 milhão,Serviços de reservas e outros serviços de turismo não especificados anteriormente,86.00,51–200,"São José dos Campos, São Paulo, Brazil",[{'job_industry_list': {'industry': 'Internet Publishing'}}],['Accounting/Auditing and Finance'],https://www.linkedin.com/company/busbud,Cursos preparatórios para concursos,1,"Comércio atacadista de artigos do vestuário e acessórios, exceto profissionais e de segurança",1
market4u,MARKET4U MERCADO AUTONOMO LTDA,30.296.675/0001-90,"2,110,990.00",1 – 10 milhões,"Comércio varejista de mercadorias em geral, com predominância de produtos alimentícios - minimercados, mercearias e armazéns",415.00,201–500,"São Paulo, São Paulo, Brazil",[{'job_industry_list': {'industry': 'Retail'}}],['Other'],https://www.linkedin.com/company/market4ubr,Fabricação de artefatos têxteis para uso doméstico,1,Cursos preparatórios para concursos,1
ICTS,ICTS GESTAO E PROJETOS DE SEGURANCA LTDA.,24.792.440/0001-97,"10,000.00",Até 100 mil,Atividades de consultoria em gestão empresarial,713.00,501–1000,"São Paulo, Brazil",[{'job_industry_list': {'industry': 'Human Resources Services and Business Consulting and Services'}}],['Human Resources and Consulting'],https://www.linkedin.com/company/somosicts,Comércio atacadista de energia elétrica,2,Fabricação de artefatos têxteis para uso doméstico,1
BYX,,NÃO ENCONTRADO,,Até 100 mil,,175.00,51–200,"São Paulo, São Paulo, Brazil","[{'job_industry_list': {'industry': 'Financial Services, Banking, and Investment Banking'}}]",['Product Management'],https://www.linkedin.com/company/grupobyx,"Comércio a varejo de automóveis, camionetas e utilitários usados",1,"Comércio a varejo de automóveis, camionetas e utilitários usados",1
Vai Voando,,NÃO ENCONTRADO,,Até 100 mil,,109.00,51–200,"São Paulo, São Paulo, Brazil",[{'job_industry_list': {'industry': 'Travel Arrangements'}}],['Finance and Sales'],https://www.linkedin.com/company/vai-voando,Securitização de créditos,1,Securitização de créditos,1
RHF TALENTOS CONTAGEM,,NÃO ENCONTRADO,,Até 100 mil,,13.00,11–50,"Sabará, Minas Gerais, Brazil",[{'job_industry_list': {'industry': 'Education Administration Programs'}}],['Sales and Business Development'],https://www.linkedin.com/company/rhftalentosminasgerais,Outras atividades de ensino não especificadas anteriormente,1,Outras atividades de ensino não especificadas anteriormente,1
Empiricus,,NÃO ENCONTRADO,,Até 100 mil,,273.00,201–500,"São Paulo, Brazil",[{'job_industry_list': {'industry': 'Book and Periodical Publishing'}}],"['Finance, Customer Service, and Education']",https://www.linkedin.com/company/empiricusinvestimentos,"Comércio atacadista de produtos de higiene, limpeza e conservação domiciliar, com atividade de fracionamento e acondicionamento associada",1,"Comércio atacadista de produtos de higiene, limpeza e conservação domiciliar, com atividade de fracionamento e acondicionamento associada",1
ActiveCampaign,,NÃO ENCONTRADO,,Até 100 mil,,849.00,501–1000,Brazil,[{'job_industry_list': {'industry': 'Software Development'}}],['Business Development and Sales'],https://www.linkedin.com/company/activecampaign,Gestão e administração da propriedade imobiliária,1,Gestão e administração da propriedade imobiliária,1
Belagrícola,BELAGRICOLA COMERCIO E REPRESENTACOES DE PRODUTOS AGRICOLAS S.A.,79.038.097/0001-81,"562,976,521.00",100 milhões – 1 bilhão,Comércio atacadista de soja,"1,143.00",1001-5000,"Londrina, Paraná, Brazil",[{'job_industry_list': {'industry': 'Farming and Retail'}}],"['Strategy/Planning, Human Resources, and Training']",https://www.linkedin.com/company/belagricola,Atividades de associações de defesa de direitos sociais,1,Atividades de associações de defesa de direitos sociais,1
Reply,REPLY DO BRASIL SISTEMAS DE INFORMATICA LTDA.,13.013.857/0001-98,"650,000.00",100 mil – 1 milhão,"Suporte técnico, manutenção e outros serviços em tecnologia da informação","16,410.00",+10000,Brazil,[{'job_industry_list': {'industry': 'IT Services and IT Consulting'}}],['Information Technology'],https://www.linkedin.com/company/reply,Corretagem na compra e venda e avaliação de imóveis,2,Atividades de atenção ambulatorial não especificadas anteriormente,1
Meep,MEEP SOLUCOES S.A,28.302.604/0001-01,"3,000,000.00",1 – 10 milhões,"Atividades de intermediação e agenciamento de serviços e negócios em geral, exceto imobiliários",236.00,201–500,"Belo Horizonte, Minas Gerais, Brazil",[{'job_industry_list': {'industry': 'Software Development'}}],['Administrative'],https://www.linkedin.com/company/meep-app,Atividades de atenção ambulatorial não especificadas anteriormente,1,Comércio atacadista de ferragens e ferramentas,1
Fever,HANNA INTERNET LTDA,09.200.279/0001-21,"50,000.00",Até 100 mil,********,"3,532.00",1001-5000,"São Paulo, São Paulo, Brazil",[{'job_industry_list': {'industry': 'Software Development'}}],['Accounting/Auditing and Finance'],https://www.linkedin.com/company/fever-up,Comércio atacadista de ferragens e ferramentas,1,"Outras atividades profissionais, científicas e técnicas não especificadas anteriormente",1
weme,WEME LTDA,08.285.034/0001-81,"201,000.00",100 mil – 1 milhão,"Atividades de consultoria em gestão empresarial, exceto consultoria técnica específica",78.00,51–200,"São Paulo, São Paulo, Brazil",[{'job_industry_list': {'industry': 'IT Services and IT Consulting'}}],['Product Management and Marketing'],https://www.linkedin.com/company/weme,"Outras atividades profissionais, científicas e técnicas não especificadas anteriormente",1,Comércio varejista de outros produtos não especificados anteriormente,1
Mitre Realty,MITRE REALTY EMPREENDIMENTOS E PARTICIPACOES S.A.,07.882.930/0001-65,"1,014,824,026.00",Acima de 1 bilhão,Incorporação de empreendimentos imobiliários,700.00,501–1000,"São Paulo, São Paulo, Brazil",[{'job_industry_list': {'industry': 'Real Estate'}}],['Other'],https://www.linkedin.com/company/mitre-realty,Comércio varejista de outros produtos não especificados anteriormente,1,Testes e análises técnicas,1
Âme Gastronomia,AME GASTRONOMIA LTDA,19.827.590/0001-59,"888,909.00",100 mil – 1 milhão,Fornecimento de alimentos preparados preponderantemente para empresas,127.00,51–200,"Agudos, São Paulo, Brazil",[{'job_industry_list': {'industry': 'Administrative and Support Services'}}],['Administrative'],https://www.linkedin.com/company/amegastronomia,Testes e análises técnicas,1,Atividade odontológica,1
Firedev IT,FIREDEV SERVICOS EM TECNOLOGIA DA INFORMACAO LTDA,34.658.093/0001-68,"100,000.00",Até 100 mil,Desenvolvimento de programas de computador sob encomenda,57.00,51–200,Brazil,[{'job_industry_list': {'industry': 'Information Technology & Services and IT Services and IT Consulting'}}],['Information Technology'],https://www.linkedin.com/company/firedevbr,Atividade odontológica,1,Atividades de psicologia e psicanálise,1
Portão 3 (YC S21),PORTAO 3 VIAGENS LTDA.,28.352.868/0001-70,"14,721,576.00",10 – 100 milhões,"Atividades de intermediação e agenciamento de serviços e negócios em geral, exceto imobiliários",49.00,11–50,"Uberlândia, Minas Gerais, Brazil",[{'job_industry_list': {'industry': 'Software Development and Banking'}}],['Information Technology'],https://www.linkedin.com/company/portao-3,Atividades de psicologia e psicanálise,1,Cultivo de soja,1
Convert,CONVERT COMUNICACAO LTDA,43.955.000/0001-58,"100,000.00",Até 100 mil,Agências de publicidade,95.00,51–200,"São Paulo, São Paulo, Brazil",[{'job_industry_list': {'industry': 'Public Relations and Communications Services'}}],['Other'],https://www.linkedin.com/company/convert-digital-business,Cultivo de soja,1,Comércio varejista de móveis,1
IHS Towers,IHS BRASIL CESSAO DE INFRAESTRUTURAS SA,15.811.119/0001-11,"2,765,985,470.13",Acima de 1 bilhão,"Aluguel de outras máquinas e equipamentos comerciais e industriais não especificados anteriormente, sem operador","3,695.00",1001-5000,"São Paulo, São Paulo, Brazil",[{'job_industry_list': {'industry': 'Telecommunications'}}],['Legal'],https://www.linkedin.com/company/ihstowers,Comércio varejista de móveis,1,Fabricação de móveis com predominância de madeira,1
Studio Rx | An IPG Health Company,,02.288.589/0001-09,,Até 100 mil,,159.00,51–200,Brazil,[{'job_industry_list': {'industry': 'Advertising Services'}}],"['Advertising, Art/Creative, and Design']",https://www.linkedin.com/company/studio-rx,Fabricação de móveis com predominância de madeira,1,Comércio a varejo de motocicletas e motonetas novas,1
Colégio Everest Internacional - Curitiba,INSTITUTO EDUCACIONAL EVEREST,,0.00,Até 100 mil,Ensino fundamental,136.00,51–200,"Curitiba, Paraná, Brazil",[{'job_industry_list': {'industry': 'Education Administration Programs'}}],['Other'],https://www.linkedin.com/company/colegioeverestcuritiba,Comércio a varejo de motocicletas e motonetas novas,1,Construção de edifícios,1
Vittude,VITTUDE TECNOLOGIA S.A.,24.809.084/0001-77,"23,774,915.00",10 – 100 milhões,"Portais, provedores de conteúdo e outros serviços de informação na internet",194.00,51–200,"São Paulo, São Paulo, Brazil",[{'job_industry_list': {'industry': 'IT Services and IT Consulting'}}],['Other'],https://www.linkedin.com/company/vittude,Construção de edifícios,1,Atividades de atendimento em pronto-socorro e unidades hospitalares para atendimento a urgências,1
Ahards,AHARDS SISTEMAS S/A,08.202.415/0001-50,"45,658,870.70",10 – 100 milhões,Fabricação de cronômetros e relógios,32.00,11–50,"Florianópolis, Santa Catarina, Brazil","[{'job_industry_list': {'industry': 'Technology, Information and Internet'}}]",['Engineering and Information Technology'],https://www.linkedin.com/company/ahards,Atividades de atendimento em pronto-socorro e unidades hospitalares para atendimento a urgências,1,"Fabricação de instrumentos não eletrônicos e utensílios para uso médico, cirúrgico, odontológico e de laboratório",1
Neobag,NEOBAG DISTRIBUIDORA LTDA,54.782.250/0001-50,"700,000.00",100 mil – 1 milhão,Comércio atacadista de embalagens,19.00,11–50,"Goiânia, Goiás, Brazil",[{'job_industry_list': {'industry': 'Packaging and Containers Manufacturing'}}],[],https://www.linkedin.com/company/neobagoficial,"Fabricação de instrumentos não eletrônicos e utensílios para uso médico, cirúrgico, odontológico e de laboratório",1,"Confecção, sob medida, de peças do vestuário, exceto roupas íntimas",1
Devgo,DEVGO TECH LTDA,40.541.688/0001-31,"30,000.00",Até 100 mil,Desenvolvimento de programas de computador sob encomenda,7.00,0–10,Brazil,[{'job_industry_list': {'industry': 'IT Services and IT Consulting'}}],['Information Technology'],https://www.linkedin.com/company/devgodigital,"Confecção, sob medida, de peças do vestuário, exceto roupas íntimas",1,Comércio a varejo de pneumáticos e câmaras-de-ar,1
Safira Holding,SAFIRA HOLDING S.A,13.522.948/0001-59,"62,879,277.64",10 – 100 milhões,Holdings de instituições não-financeiras,280.00,201–500,"Barueri, São Paulo, Brazil","[{'job_industry_list': {'industry': 'Appliances, Electrical, and Electronics Manufacturing'}}]",['Other'],https://www.linkedin.com/company/gruposafira,Comércio a varejo de pneumáticos e câmaras-de-ar,1,Comércio atacadista de Máquinas e equipamentos para uso industrial; partes e peças,1
Join LinkedIn,CONQUER HOLDING EDUCACIONAL S.A.,26.058.324/0001-74,"17,943,431.00",10 – 100 milhões,Treinamento em informática,Não encontrado,+10000,Brazil,[{'job_industry_list': {'industry': 'Education Administration Programs'}}],['Other'],https://www.linkedin.com/school/escolaconquer/,Comércio atacadista de Máquinas e equipamentos para uso industrial; partes e peças,1,"Bares e outros estabelecimentos especializados em servir bebidas, com entretenimento",1
Sizebay,SIZEBAY SERVICOS DE INFORMATICA LTDA,20.867.526/0001-80,"1,531,538.00",1 – 10 milhões,"Portais, provedores de conteúdo e outros serviços de informação na internet",81.00,51–200,"Joinville, Santa Catarina, Brazil",[{'job_industry_list': {'industry': 'Software Development'}}],['Sales and Business Development'],https://www.linkedin.com/company/sizebay,"Bares e outros estabelecimentos especializados em servir bebidas, com entretenimento",1,Atividades do Operador Portuário,1
Trust,TRUST CONSULTORIA EMPRESARIAL LTDA,05.615.104/0001-24,"14,000.00",Até 100 mil,Atividades de contabilidade,508.00,501–1000,"São Paulo, São Paulo, Brazil",[{'job_industry_list': {'industry': 'Financial Services'}}],['Sales and Business Development'],https://www.linkedin.com/company/trustoficial,Atividades do Operador Portuário,1,Atividades de organizações associativas patronais e empresariais,1
Ayvens,ALD AUTOMOTIVE S.A.,07.563.781/0001-71,"364,164,739.00",100 milhões – 1 bilhão,Locação de automóveis sem condutor,"9,116.00",5001-10000,"São Paulo, São Paulo, Brazil",[{'job_industry_list': {'industry': 'Financial Services'}}],['Management and Manufacturing'],https://www.linkedin.com/company/ayvens,Atividades de organizações associativas patronais e empresariais,1,Web desing,1
Mobiis,MOBIIS SERVICOS DE TECNOLOGIA E PARTICIPACOES S.A.,51.733.149/0001-10,"53,807,960.00",10 – 100 milhões,Consultoria em tecnologia da informação,123.00,51–200,"Campinas, São Paulo, Brazil","[{'job_industry_list': {'industry': 'Technology, Information and Internet'}}]",['Human Resources'],https://www.linkedin.com/company/mobiissolucoes,Web desing,1,"Fabricação de fogões, refrigeradores e máquinas de lavar e secar para uso doméstico, peças e acessórios",1
Join LinkedIn,INFNET EDUCACAO S.A,,"2,600,000.00",1 – 10 milhões,Educação superior - graduação e pós-graduação,Não encontrado,+10000,"Rio de Janeiro, Rio de Janeiro, Brazil",[{'job_industry_list': {'industry': 'Education Administration Programs'}}],['Other'],https://www.linkedin.com/school/instituto-infnet/,"Fabricação de fogões, refrigeradores e máquinas de lavar e secar para uso doméstico, peças e acessórios",1,Pesquisas de mercado e de opinião pública,1
SRM ASSET,SRM ASSET MANAGEMENT GESTAO DE RECURSOS LTDA.,00.673.757/0001-46,"300,000.00",100 mil – 1 milhão,********,270.00,201–500,"São Paulo, São Paulo, Brazil",[{'job_industry_list': {'industry': 'Investment Management'}}],['Sales and Business Development'],https://www.linkedin.com/company/srmasset,Pesquisas de mercado e de opinião pública,1,Atividades de teleatendimento,1
Dobro,DOBRO COMERCIO DE ALIMENTOS E BEBIDAS LTDA,33.449.918/0001-71,"14,286.00",Até 100 mil,Comércio varejista de produtos alimentícios em geral ou especializado em produtos alimentícios não especificados anteriormente,67.00,51–200,"São Paulo, São Paulo, Brazil",[{'job_industry_list': {'industry': 'Food & Beverages'}}],[],https://www.linkedin.com/company/soudobro,Atividades de teleatendimento,1,Comércio atacadista de artigos de escritório e de papelaria,1
Sem nome,,28.804.502/0001-94,,Até 100 mil,,143.00,51–200,"São Paulo, Brazil",[{'job_industry_list': {'industry': 'IT Services and IT Consulting'}}],['Finance'],https://www.linkedin.com/company/okay-network,Comércio atacadista de artigos de escritório e de papelaria,1,"Comércio atacadista de couros, lãs, peles e outros subprodutos não comestíveis de origem animal",1
EasyHire,EASY HIRE - GESTAO COMERCIAL E TREINAMENTO PROFISSIONAL LTDA,31.608.841/0001-00,"95,400.00",Até 100 mil,Promoção de vendas,24.00,11–50,"Barueri, São Paulo, Brazil",[{'job_industry_list': {'industry': 'Engineering Services and Machinery Manufacturing'}}],['Manufacturing'],https://www.linkedin.com/company/easyhirings,"Comércio atacadista de couros, lãs, peles e outros subprodutos não comestíveis de origem animal",1,Outras atividades de serviços prestados principalmente às empresas não especificadas anteriormente,1
,ANALIX PERFORMANCE HUMANA LTDA,46.727.909/0001-47,"50,000.00",Até 100 mil,Treinamento em desenvolvimento profissional e gerencial,,,"Joinville, Santa Catarina, Brazil",[{'job_industry_list': {'industry': 'Human Resources Services'}}],['Information Technology'],,Outras atividades de serviços prestados principalmente às empresas não especificadas anteriormente,1,"Comércio atacadista de sementes, flores, plantas e gramas",1
,REFERENCIAL MONTAGENS INDUSTRIAIS LTDA,04.788.920/0001-77,"2,000,000.00",1 – 10 milhões,Instalações de sistema de prevenção contra incêndio,,,"Caldas, Minas Gerais, Brazil",[{'job_industry_list': {'industry': 'Food and Beverage Manufacturing'}}],['Other'],,"Comércio atacadista de sementes, flores, plantas e gramas",1,Serviços de comunicação multimídia - SCM,1
,FOX TIME PRESTACAO DE SERVICO E SERVICOS GERAIS LTDA,04.854.896/0001-27,"50,000.00",Até 100 mil,Fornecimento e gestão de recursos humanos para terceiros,,,Brazil,[{'job_industry_list': {'industry': 'Human Resources Services'}}],['Sales and Business Development'],,Serviços de comunicação multimídia - SCM,1,Estacionamento de veículos,1
Origimax,Não encontrado,17.746.524/0001-04,Não encontrado,Acima de 1 bilhão,Não encontrado,1.00,,"Curitiba, Paraná, Brazil",[{'job_industry_list': {'industry': 'Advertising Services'}}],['Management and Manufacturing'],https://www.linkedin.com/company/origimax,Estacionamento de veículos,1,,0
Sinergia Flow,SINERGIA FLOW DESENVOLVIMENTO HUMANO LTDA,41.367.854/0001-98,"10,000.00",Até 100 mil,Treinamento em desenvolvimento profissional e gerencial,3.00,,"Navegantes, Santa Catarina, Brazil",[{'job_industry_list': {'industry': 'Human Resources Services'}}],[],https://www.linkedin.com/company/sinergia-flow,,,,
Stabia TMC,STABIA VIAGENS E TURISMO LTDA.,10.586.640/0001-89,"101,000.00",100 mil – 1 milhão,Agências de viagens,23.00,,"São Paulo, São Paulo, Brazil",[{'job_industry_list': {'industry': 'Travel Arrangements'}}],[],https://www.linkedin.com/company/stabia-tmc,,,,
,,Não encontrado,,Até 100 mil,,,,"João Pinheiro, Minas Gerais, Brazil",[{'job_industry_list': {'industry': 'Wholesale Import and Export'}}],['Sales and Business Development'],,,,,
,GUARD CENTER TECNOLOGIA EM SEGURANCA LTDA,18.556.125/0001-68,"500,000.00",100 mil – 1 milhão,Atividades de monitoramento de sistemas de segurança eletrônico,,,"Agudos, São Paulo, Brazil",[{'job_industry_list': {'industry': 'Security Guards and Patrol Services'}}],['Management and Manufacturing'],,,,,
Swap,SWAP INSTITUICAO DE PAGAMENTO S.A.,31.680.151/0001-61,"145,149,515.00",100 milhões – 1 bilhão,Outras atividades auxiliares dos serviços financeiros não especificadas anteriormente,183.00,,"São Paulo, São Paulo, Brazil",[{'job_industry_list': {'industry': 'Financial Services'}}],['Accounting/Auditing'],https://www.linkedin.com/company/swapfinancial,,,,
Esenca Marketing & Communication,ESENCA MARKETING E COMUNICACAO LTDA,26.723.422/0001-89,"100,000.00",Até 100 mil,Outras atividades de publicidade não especificadas anteriormente,13.00,,"Osasco, São Paulo, Brazil",[{'job_industry_list': {'industry': 'Public Relations and Communications Services'}}],"['Marketing, Public Relations, and Writing/Editing']",https://www.linkedin.com/company/esenca-mkt,,,,
Positiva Cobranças,POSITIVA COBRANCA EMPRESARIAL LTDA,49.625.461/0001-49,"10,000.00",Até 100 mil,Atividades de cobrança e informações cadastrais,19.00,,"Joinville, Santa Catarina, Brazil",[],[],https://www.linkedin.com/company/positiva-cobran%c3%a7as,,,,
Queensberry Viagens,QUEENSBERRY AGENCIA DE VIAGENS E TURISMO LTDA,45.575.958/0001-49,"2,000,000.00",1 – 10 milhões,Agências de viagens,100.00,,"São Paulo, São Paulo, Brazil",[{'job_industry_list': {'industry': 'Travel Arrangements'}}],['Management and Manufacturing'],https://www.linkedin.com/company/queensberryviagens,,,,
4.events,KODDEX SOLUCOES DIGITAIS LTDA,24.854.551/0001-80,"1,180,000.00",1 – 10 milhões,Desenvolvimento de programas de computador sob encomenda,63.00,,"Indaiatuba, São Paulo, Brazil",[{'job_industry_list': {'industry': 'Events Services'}}],[],https://www.linkedin.com/company/4-events-oficial,,,,
Interplayers,INTERPLAYERS SOLUCOES INTEGRADAS SA,05.347.060/0001-07,"49,348,103.00",10 – 100 milhões,Desenvolvimento e licenciamento de programas de computador customizáveis,925.00,,"Ribeirão Preto, São Paulo, Brazil",[{'job_industry_list': {'industry': 'IT Services and IT Consulting'}}],['Other'],https://www.linkedin.com/company/interplayers,,,,
Destrava - Creative Learning,DESTRAVA APRENDIZAGEM CRIATIVA LTDA,14.062.192/0001-75,"50,000.00",Até 100 mil,Treinamento em desenvolvimento profissional e gerencial,9.00,,"Sorocaba, São Paulo, Brazil",[{'job_industry_list': {'industry': 'Professional Training and Coaching'}}],[],https://www.linkedin.com/company/destravaoficial,,,,
A3Data,A3 DATA CONSULTORIA S.A.,07.105.493/0001-73,"12,558.88",Até 100 mil,Consultoria em tecnologia da informação,147.00,,Brazil,[{'job_industry_list': {'industry': 'IT Services and IT Consulting'}}],['Other'],https://www.linkedin.com/company/a3-data-consultoria,,,,
teceo,TECEO PLATAFORMA DIGITAL LTDA,42.378.502/0001-09,"5,880,000.00",1 – 10 milhões,Desenvolvimento e licenciamento de programas de computador customizáveis,41.00,,"Brasília, Federal District, Brazil",[{'job_industry_list': {'industry': 'Software Development'}}],['Engineering and Information Technology'],https://www.linkedin.com/company/teceo,,,,
FitBank,FITBANK INSTITUICAO DE PAGAMENTO S.A.,13.203.354/0001-85,"68,209,929.00",10 – 100 milhões,Outras atividades auxiliares dos serviços financeiros não especificadas anteriormente,500.00,,"Goiânia, Goiás, Brazil",[{'job_industry_list': {'industry': 'Financial Services'}}],['Human Resources'],https://www.linkedin.com/company/fitbank-450,,,,
ECO Automação Industrial,ECO AUTOMACAO INDUSTRIAL LTDA,11.953.410/0001-73,"10,000.00",Até 100 mil,Comércio atacadista de material elétrico,53.00,,"Joinville, Santa Catarina, Brazil",[{'job_industry_list': {'industry': 'Automation Machinery Manufacturing'}}],[],https://www.linkedin.com/company/ecoautomacao,,,,
EMPREGARE.com,HERO TECNOLOGIA LTDA,23.073.946/0001-83,"460,000.00",100 mil – 1 milhão,Desenvolvimento e licenciamento de programas de computador customizáveis,18.00,,"Londrina, Paraná, Brazil",[{'job_industry_list': {'industry': 'Software Development'}}],['Other'],https://www.linkedin.com/company/empregare-com,,,,
Radartec,RADARTEC CONSULTORIA EM TECNOLOGIA DA INFORMACAO LTDA,09.326.480/0001-50,"1,000.00",Até 100 mil,Consultoria em tecnologia da informação,3.00,,"Caratinga, Minas Gerais, Brazil",[{'job_industry_list': {'industry': 'IT Services and IT Consulting'}}],['Information Technology'],https://www.linkedin.com/company/radartec,,,,
GrupoSITI,GRUPOSITI CONSULTORIA EMPRESARIAL LTDA,04.541.985/0001-13,"12,000.00",Até 100 mil,Seleção e agenciamento de mão-de-obra,12.00,,"São Paulo, Brazil",[{'job_industry_list': {'industry': 'IT Services and IT Consulting'}}],['Information Technology'],https://www.linkedin.com/company/grupositi,,,,
The Coffee,CAFE FRATELLI FRANQUEADORA LTDA,31.520.143/0001-58,"47,597,024.00",10 – 100 milhões,Gestão de ativos intangíveis não-financeiros,801.00,,"Curitiba, Paraná, Brazil",[{'job_industry_list': {'industry': 'Food & Beverages'}}],[],https://www.linkedin.com/company/the-coffee-jp,,,,
WK Technology,CMK KOLOGESKI LTDA,45.009.766/0001-75,"10,000.00",Até 100 mil,"Suporte técnico, manutenção e outros serviços em tecnologia da informação",36.00,,"Canoas, Rio Grande do Sul, Brazil",[{'job_industry_list': {'industry': 'Software Development'}}],['Information Technology'],https://www.linkedin.com/company/wktechnology,,,,
,C.N INSTITUTO DERMATOLOGICO E DE AUXILIO DIAGNOSTICO LTDA,37.076.062/0001-97,"25,000.00",Até 100 mil,********,,,"São Paulo, São Paulo, Brazil",[],[],,,,,
Fits U,FITS U ALUGUEL E VENDA DE ROUPAS E ACESSORIOS LTDA,21.129.521/0001-13,"300,000.00",100 mil – 1 milhão,"Aluguel de objetos do vestuário, jóias e acessórios",23.00,,"Belo Horizonte, Minas Gerais, Brazil",[{'job_industry_list': {'industry': 'Retail Apparel and Fashion'}}],[],https://www.linkedin.com/company/fits-u,,,,
Executiva Contábil,EXECUTIVA CONTABILIDADE LTDA,16.615.484/0001-13,"94,000.00",Até 100 mil,Atividades de contabilidade,12.00,,"Goiânia, Goiás, Brazil",[{'job_industry_list': {'industry': 'Accounting'}}],['Other'],https://www.linkedin.com/company/executiva-cont%c3%a1bil,,,,
Cobalchini Contabilidade,COBALCHINI CONTABILIDADE LTDA,92.874.585/0001-97,0.00,Até 100 mil,Atividades de contabilidade,11.00,,"Caxias do Sul, Rio Grande do Sul, Brazil",[{'job_industry_list': {'industry': 'Accounting'}}],['Accounting/Auditing and Finance'],https://www.linkedin.com/company/cobalchini-contabilidade,,,,
,WHY INFO PRODUTOS DE INFORMATICA LTDA,54.235.574/0001-78,"500,000.00",100 mil – 1 milhão,Comércio varejista especializado de equipamentos e suprimentos de informática,,,"Indaiatuba, São Paulo, Brazil",[{'job_industry_list': {'industry': 'IT System Training and Support'}}],['Other'],,,,,
,BIOMTECH SOLUCOES EM TECNOLOGIA S/A,30.254.598/0001-06,"7,170,287.00",1 – 10 milhões,Comércio atacadista de equipamentos de informática,,,"Belo Horizonte, Minas Gerais, Brazil",[{'job_industry_list': {'industry': 'IT Services and IT Consulting'}}],['Management and Manufacturing'],,,,,
Primefy,PRIMEFY SERVICOS E TECNOLOGIA LTDA,33.363.041/0001-00,"20,000.00",Até 100 mil,"Tratamento de dados, provedores de serviços de aplicação e serviços de hospedagem na internet",26.00,,"Florianópolis, Santa Catarina, Brazil",[{'job_industry_list': {'industry': 'Financial Services'}}],['Marketing and Sales'],https://www.linkedin.com/company/primefy,,,,
Black Dragons,BLACK DRAGONS E-SPORTS LTDA,27.572.898/0001-29,"405,000.00",100 mil – 1 milhão,Produção e promoção de eventos esportivos,27.00,,"São Paulo, São Paulo, Brazil",[{'job_industry_list': {'industry': 'Public Relations and Communications Services'}}],['Other'],https://www.linkedin.com/company/blackdragonsesports,,,,
Decor Colors,DECOR COLORS TINTAS LTDA,19.082.242/0001-08,"200,000.00",100 mil – 1 milhão,"Fabricação de tintas, vernizes, esmaltes e lacas",273.00,,"São Paulo, São Paulo, Brazil",[{'job_industry_list': {'industry': 'Chemical Manufacturing'}}],['Marketing and Sales'],https://www.linkedin.com/company/decor-colors-oficial,,,,
Marshipping Transporte,MARSHIPPING SERVICOS MARITIMOS E TRANSPORTES LTDA.,03.015.818/0001-76,0.00,Até 100 mil,********,19.00,,"São Paulo, São Paulo, Brazil","[{'job_industry_list': {'industry': 'Transportation, Logistics, Supply Chain and Storage'}}]",['Business Development and Sales'],https://www.linkedin.com/company/marshippingtransporte,,,,
Conquest One,CONQUESTONE IT SERVICES BR LTDA.,01.802.155/0001-04,"500,000.00",100 mil – 1 milhão,Consultoria em tecnologia da informação,194.00,,"São Paulo, São Paulo, Brazil",[{'job_industry_list': {'industry': 'IT Services and IT Consulting'}}],['Engineering and Information Technology'],https://www.linkedin.com/company/cq1,,,,
Qualitours Cruises & Tours,QUALITOURS AGENCIA DE VIAGENS E TURISMO LTDA,65.409.534/0001-11,"224,000.00",100 mil – 1 milhão,Agências de viagens,21.00,,"São Paulo, São Paulo, Brazil",[{'job_industry_list': {'industry': 'Travel Arrangements'}}],['Sales and Business Development'],https://www.linkedin.com/company/qualitours-cruises-tours,,,,
,CONSORCIO SMF / VEXPER,50.686.176/0001-17,0.00,Até 100 mil,Manutenção e reparação de veículos ferroviários,,,"Porto Alegre, Rio Grande do Sul, Brazil",[],['Management and Manufacturing'],,,,,
Tako,TAKO COZINHA CLOUD KITCHEN LTDA,36.688.873/0001-86,"50,000.00",Até 100 mil,"Lanchonetes, casas de chá, de sucos e similares",38.00,,"São Paulo, São Paulo, Brazil",[{'job_industry_list': {'industry': 'Software Development'}}],['Engineering and Information Technology'],https://www.linkedin.com/company/usetako,,,,
Arthrex GmbH,,Não encontrado,,Até 100 mil,,623.00,,"São Paulo, São Paulo, Brazil",[{'job_industry_list': {'industry': 'Medical Equipment Manufacturing'}}],['Management and Manufacturing'],https://www.linkedin.com/company/arthrex-gmbh,,,,
,SOMARTE CONTABILIDADE LTDA,36.491.383/0001-95,"10,000.00",Até 100 mil,Atividades de contabilidade,,,"Agudos, São Paulo, Brazil",[{'job_industry_list': {'industry': 'Human Resources Services'}}],['Business Development and Sales'],,,,,
i3C,I3C SOLUCOES EM TELEFONIA E COMUNICACAO LTDA,18.597.718/0001-72,"200,000.00",100 mil – 1 milhão,Comércio varejista especializado de equipamentos de telefonia e comunicação,31.00,,"Joinville, Santa Catarina, Brazil",[{'job_industry_list': {'industry': 'IT Services and IT Consulting'}}],['Engineering and Information Technology'],https://www.linkedin.com/company/i3csolucoes,,,,
GoGood,GO GOOD SOFTWARES EMPRESARIAIS LTDA.,25.118.710/0001-41,"2,434,800.00",1 – 10 milhões,Atividades de condicionamento físico,42.00,,"Florianópolis, Santa Catarina, Brazil",[{'job_industry_list': {'industry': 'IT Services and IT Consulting'}}],"['Marketing, Public Relations, and Writing/Editing']",https://www.linkedin.com/company/go-good,,,,
VOA Hotéis,VOA TRANSFORMACAO HOTELEIRA LTDA,33.840.462/0001-76,"400,000.00",100 mil – 1 milhão,Operadores turísticos,110.00,,"Rio de Janeiro, Rio de Janeiro, Brazil",[{'job_industry_list': {'industry': 'Hospitality'}}],['Management and Manufacturing'],https://www.linkedin.com/company/voa-hoteis,,,,
CAVEO,CAVEO TECNOLOGIA LTDA,41.042.624/0001-59,"649,000.00",100 mil – 1 milhão,"Tratamento de dados, provedores de serviços de aplicação e serviços de hospedagem na internet",94.00,,"São Paulo, São Paulo, Brazil","[{'job_industry_list': {'industry': 'Technology, Information and Internet'}}]",['Sales and Business Development'],https://www.linkedin.com/company/caveotecnologia,,,,
Koopere,KOOPERE COOPERATIVA DE TRABALHO DOS PROFISSIONAIS DE TECNOLOGIA DA INFORMACAO E SERVICOS,42.518.888/0001-07,"22,090.00",Até 100 mil,Consultoria em tecnologia da informação,60.00,,"Campinas, São Paulo, Brazil",[{'job_industry_list': {'industry': 'IT Services and IT Consulting'}}],['Engineering and Information Technology'],https://www.linkedin.com/company/kooperecooperativa,,,,
North Star Network,NORTH STAR NETWORK S.A.S,48.585.205/0001-02,0.00,Até 100 mil,Holdings de instituições não-financeiras,177.00,,Brazil,"[{'job_industry_list': {'industry': 'Veterinary Services'}}, {'job_industry_list': {'industry': 'Media and Telecommunications'}}]",['Engineering and Information Technology'],https://www.linkedin.com/company/northstarnetwork,,,,
SalesHunter,SALESHUNTER LTDA,28.773.565/0001-20,"1,000.00",Até 100 mil,Serviços combinados de escritório e apoio administrativo,42.00,,"São Paulo, São Paulo, Brazil",[{'job_industry_list': {'industry': 'Staffing and Recruiting'}}],['Sales and Business Development'],https://www.linkedin.com/company/saleshunter,,,,
LPG FOODS,LPG INDUSTRIA E COMERCIO DE ALIMENTOS LTDA,07.386.963/0001-14,"1,000,000.00",100 mil – 1 milhão,Fabricação de outros produtos alimentícios não especificados anteriormente,39.00,,"São Paulo, São Paulo, Brazil",[{'job_industry_list': {'industry': 'Food and Beverage Manufacturing'}}],[],https://www.linkedin.com/company/lpgfoods,,,,
Aramis,VCI VANGUARD CONFECCOES IMPORTADAS S.A.,00.311.557/0001-43,"18,992,471.00",10 – 100 milhões,"Comércio atacadista de artigos do vestuário e acessórios, exceto profissionais e de segurança","1,527.00",,"São Paulo, São Paulo, Brazil",[{'job_industry_list': {'industry': 'Retail'}}],['Other'],https://www.linkedin.com/company/aramis,,,,
MedCof,MEDCOF EDUCACAO S.A.,34.185.732/0001-15,"2,251,309.00",1 – 10 milhões,Cursos preparatórios para concursos,215.00,,"São Paulo, São Paulo, Brazil",[{'job_industry_list': {'industry': 'Marketing Services'}}],['Strategy/Planning and Marketing'],https://www.linkedin.com/company/medcof,,,,
Unit,SOCIEDADE DE EDUCACAO TIRADENTES S.A,13.013.263/0001-87,"65,890,747.17",10 – 100 milhões,Educação superior - graduação e pós-graduação,164.00,,"Vitória, Espírito Santo, Brazil",[{'job_industry_list': {'industry': 'Financial Services'}}],['Education and Training'],https://www.linkedin.com/company/unit-beneficios,,,,
Textil-,TEXTIL BRASIL INDUSTRIA E COMERCIO DE CONFECCOES LTDA,42.711.343/0001-04,"50,000.00",Até 100 mil,Fabricação de artefatos têxteis para uso doméstico,"2,716.00",,"Santo André, São Paulo, Brazil",[{'job_industry_list': {'industry': 'Leather Product Manufacturing'}}],['Other'],https://www.linkedin.com/company/textil-,,,,
Esfera Energia,ESFERA COMERCIALIZADORA DE ENERGIA LTDA,26.940.979/0001-71,"28,400,000.00",10 – 100 milhões,Comércio atacadista de energia elétrica,116.00,,"São Paulo, Brazil",[{'job_industry_list': {'industry': 'Oil and Gas'}}],['Analyst'],https://www.linkedin.com/company/esfera-energia-consultoria-e-gest%c3%a3o-de-energia-ltda,,,,
Biosanté,ALVES EMPREENDIMENTOS DIGITAIS E PRODUTOS LTDA,28.355.728/0001-55,"200,000.00",100 mil – 1 milhão,Comércio varejista de produtos alimentícios em geral ou especializado em produtos alimentícios não especificados anteriormente,25.00,,Brazil,[{'job_industry_list': {'industry': 'Food and Beverage Services'}}],"['Marketing, Public Relations, and Writing/Editing']",https://www.linkedin.com/company/biosante-br,,,,
Verum Partners,VERUM PARTNERS ENGENHARIA E CONSULTORIA EMPRESARIAL LTDA,29.149.844/0001-80,"1,047,779.00",1 – 10 milhões,Serviços de engenharia,156.00,,Brazil,[{'job_industry_list': {'industry': 'Business Consulting and Services'}}],['Education and Training'],https://www.linkedin.com/company/verumpartners,,,,
Maxxi,MAXXI AUTOMOVEIS COMERCIO E INTERMEDIACAO DE VEICULOS LTDA,03.110.138/0001-31,0.00,Até 100 mil,"Comércio a varejo de automóveis, camionetas e utilitários usados",492.00,,"Presidente Dutra, Maranhão, Brazil",[{'job_industry_list': {'industry': 'IT Services and IT Consulting'}}],['Product Management and Marketing'],https://www.linkedin.com/company/maxxidata,,,,
Creditsec,CREDITCORP SECURITIZADORA S.A.,49.947.676/0001-86,"500,000.00",100 mil – 1 milhão,Securitização de créditos,6.00,,"São Paulo, São Paulo, Brazil",[{'job_industry_list': {'industry': 'Financial Services'}}],['Management and Manufacturing'],https://www.linkedin.com/company/creditsec,,,,
Hunter Hunter - Talents Hunting,,Não encontrado,,Até 100 mil,,18.00,,"Barueri, São Paulo, Brazil",[{'job_industry_list': {'industry': 'Human Resources Services'}}],['Sales and Business Development'],https://www.linkedin.com/company/hunterhuntertalentos,,,,
,SMF-CONSULTORES ASSOCIADOS LTDA,79.984.985/0008-63,"470,000.00",100 mil – 1 milhão,********,,,"Porto, Piauí, Brazil",[{'job_industry_list': {'industry': 'Commercial and Service Industry Machinery Manufacturing'}}],['Management and Manufacturing'],,,,,
Sqala,SQALAPAY PAGAMENTOS LTDA,49.618.422/0001-14,"1,701,000.00",1 – 10 milhões,"Atividades de intermediação e agenciamento de serviços e negócios em geral, exceto imobiliários",27.00,,Brazil,[{'job_industry_list': {'industry': 'Financial Services'}}],['Sales and Business Development'],https://www.linkedin.com/company/sqalatech,,,,
Pulsus,,14.597.970/0001-20,,Até 100 mil,,126.00,,Brazil,[{'job_industry_list': {'industry': 'Software Development'}}],['Accounting/Auditing and Finance'],https://www.linkedin.com/company/pulsusmobi,,,,
Insiderbits,,Não encontrado,,Até 100 mil,,8.00,,Brazil,"[{'job_industry_list': {'industry': 'Technology, Information and Media'}}]","['Marketing, Public Relations, and Writing/Editing']",https://www.linkedin.com/company/insiderbits,,,,
Nação Fluente,,Não encontrado,,Até 100 mil,,28.00,,Brazil,[{'job_industry_list': {'industry': 'Language Schools'}}],['Education and Training'],https://www.linkedin.com/company/nacaofluente,,,,
Money Times,MDM SOLUCOES LTDA,,"362,010.00",100 mil – 1 milhão,"Suporte técnico, manutenção e outros serviços em tecnologia da informação",45.00,,"São Paulo, Brazil",[{'job_industry_list': {'industry': 'Broadcast Media Production and Distribution'}}],['Writing/Editing'],https://www.linkedin.com/company/moneytimes,,,,
Tecnolokid,TECNOLOKID EDUCATION LTDA,32.247.998/0001-10,"100,000.00",Até 100 mil,Outras atividades de ensino não especificadas anteriormente,7.00,,"Aracruz, Espírito Santo, Brazil",[{'job_industry_list': {'industry': 'Education'}}],[],https://www.linkedin.com/company/tecnolokid,,,,
,TINA CONSTANTINE LTDA,54.935.715/0001-65,"150,000.00",100 mil – 1 milhão,********,,,"Goiânia, Goiás, Brazil",[{'job_industry_list': {'industry': 'Wholesale Import and Export'}}],['Sales and Business Development'],,,,,
Ecom,ECOM ENERGIA LTDA.,05.352.237/0001-55,"30,000,000.00",10 – 100 milhões,Comércio atacadista de energia elétrica,283.00,,"São Paulo, Brazil",[{'job_industry_list': {'industry': 'Electric Power Generation'}}],['Administrative and Human Resources'],https://www.linkedin.com/company/ecom-energia,,,,
WideStock,WIDE STOCK COMERCIO E DISTRIBUICAO LTDA,11.699.331/0001-88,"5,000,000.00",1 – 10 milhões,"Comércio atacadista de produtos de higiene, limpeza e conservação domiciliar, com atividade de fracionamento e acondicionamento associada",31.00,,"São Paulo, São Paulo, Brazil",[{'job_industry_list': {'industry': 'Retail'}}],['Sales and Business Development'],https://www.linkedin.com/company/widestock,,,,
Portábilis,PORTABILIS TECNOLOGIA LTDA,11.258.607/0001-92,"100,000.00",Até 100 mil,Desenvolvimento e licenciamento de programas de computador customizáveis,35.00,,Brazil,[{'job_industry_list': {'industry': 'IT Services and IT Consulting'}}],['Other'],https://www.linkedin.com/company/portabilis-tecnologia,,,,
RHBrasil Recursos Humanos,RECURSOS HUMANOS DO BRASIL LTDA,00.868.199/0001-74,"110,000.00",100 mil – 1 milhão,Seleção e agenciamento de mão-de-obra,615.00,,"Campinas, São Paulo, Brazil",[{'job_industry_list': {'industry': 'Human Resources'}}],['Management and Manufacturing'],https://www.linkedin.com/company/gruporhbrasil,,,,
PsicoManager,PSICO GESTOR TECNOLOGIA LTDA,29.983.313/0001-99,"500,000.00",100 mil – 1 milhão,Desenvolvimento de programas de computador sob encomenda,81.00,,"Uberlândia, Minas Gerais, Brazil",[{'job_industry_list': {'industry': 'Software Development'}}],['Marketing'],https://www.linkedin.com/company/psicomanager,,,,
,ADVANCED GOVERNANCA CONDOMINIAL LTDA,20.919.110/0001-69,"93,700.00",Até 100 mil,Gestão e administração da propriedade imobiliária,,,"Itajaí, Santa Catarina, Brazil",[{'job_industry_list': {'industry': 'Residential Building Construction'}}],['Sales and Business Development'],,,,,
,CRIOLA,73.514.044/0001-03,0.00,Até 100 mil,Atividades de associações de defesa de direitos sociais,,,"Rio de Janeiro, Rio de Janeiro, Brazil",[{'job_industry_list': {'industry': 'Hospitals and Health Care and Civic and Social Organizations'}}],"['Finance, Accounting/Auditing, and Administrative']",,,,,
RARA IMÓVEIS,RARA IMOVEIS LTDA,13.777.273/0001-99,"1,000.00",Até 100 mil,Corretagem na compra e venda e avaliação de imóveis,5.00,,"São Bernardo do Campo, São Paulo, Brazil",[{'job_industry_list': {'industry': 'Real Estate'}}],['Administrative'],https://www.linkedin.com/company/raraimoveis,,,,
Hubnexxo,HUBNEXXO CONSULTORIA EMPRESARIAL LTDA,16.874.203/0001-47,"50,000.00",Até 100 mil,Atividades de contabilidade,58.00,,"Salvador, Bahia, Brazil",[{'job_industry_list': {'industry': 'Accounting'}}],['Administrative'],https://www.linkedin.com/company/hubnexxo,,,,
Empresa Confidencial,CONFIDENCIAL ASSESSORIA EMPRESARIAL LTDA,00.849.492/0001-94,"240,000.00",100 mil – 1 milhão,Atividades de contabilidade,"6,587.00",,"Belo Horizonte, Minas Gerais, Brazil",[{'job_industry_list': {'industry': 'Software Development'}}],['Marketing and Sales'],https://www.linkedin.com/company/empresa-confidencial,,,,
Seu Dinheiro,SEU DINHEIRO PUBLICACOES LTDA,33.523.405/0001-63,0.00,Até 100 mil,********,35.00,,"São Paulo, São Paulo, Brazil",[{'job_industry_list': {'industry': 'Online Media'}}],['Writing/Editing'],https://www.linkedin.com/company/seudinheiro,,,,
Confins Transportes,CONFINS TRANSPORTES LTDA,64.294.325/0001-07,"3,120,000.00",1 – 10 milhões,"Transporte rodoviário de carga, exceto produtos perigosos e mudanças, intermunicipal, interestadual e internacional",2.00,,Brazil,"[{'job_industry_list': {'industry': 'Transportation, Logistics, Supply Chain and Storage'}}]",['Management and Manufacturing'],https://www.linkedin.com/company/confins-transportes,,,,
Vetorlog,VETOR LOGISTICA DE DADOS LTDA,04.684.417/0001-71,"300,000.00",100 mil – 1 milhão,Desenvolvimento de programas de computador sob encomenda,30.00,,"Curitiba, Paraná, Brazil",[{'job_industry_list': {'industry': 'Software Development'}}],['Management and Manufacturing'],https://www.linkedin.com/company/vetorlog,,,,
Ecomunica | Certified B Corp,HSYSTEM TECNOLOGIA LTDA,16.991.645/0001-73,"60,000.00",Até 100 mil,Desenvolvimento e licenciamento de programas de computador não-customizáveis,38.00,,"São Paulo, São Paulo, Brazil",[{'job_industry_list': {'industry': 'Marketing Services'}}],['Human Resources'],https://www.linkedin.com/company/ecomunica,,,,
HSystem,ASSOCIACAO CULTURAL DE RENOVACAO TECNOLOGICA SOROCABANA,45.718.988/0001-67,0.00,Até 100 mil,Educação superior - graduação e pós-graduação,109.00,,"Florianópolis, Santa Catarina, Brazil",[{'job_industry_list': {'industry': 'Software Development'}}],['Information Technology'],https://www.linkedin.com/company/hsystem,,,,
Facens,GETNINJAS LTDA,55.744.877/0001-89,"6,611,792.00",1 – 10 milhões,"Portais, provedores de conteúdo e outros serviços de informação na internet",142.00,,"São Paulo, São Paulo, Brazil",[{'job_industry_list': {'industry': 'Higher Education'}}],"['Design, Art/Creative, and Information Technology']",https://www.linkedin.com/company/facens,,,,
GetNinjas,TERRAMAGNA TRATAMENTO DE DADOS LTDA,26.154.713/0001-01,"58,000,000.00",10 – 100 milhões,Atividades de consultoria em gestão empresarial,403.00,,"São Paulo, Brazil",[{'job_industry_list': {'industry': 'Software Development'}}],['Information Technology'],https://www.linkedin.com/company/getninjas,,,,
TerraMagna,SHOTGUN BRAZIL LTDA,40.183.218/0001-43,"785,957.00",100 mil – 1 milhão,Desenvolvimento e licenciamento de programas de computador customizáveis,84.00,,Brazil,[{'job_industry_list': {'industry': 'Financial Services'}}],['Engineering'],https://www.linkedin.com/company/terramagna,,,,
Shotgun,FACE DOCTOR SERVICOS DE FRANCHISING LTDA,36.044.695/0001-50,"100,000.00",Até 100 mil,Gestão de ativos intangíveis não-financeiros,115.00,,"São Paulo, São Paulo, Brazil",[{'job_industry_list': {'industry': 'Entertainment Providers'}}],['Finance and Sales'],https://www.linkedin.com/company/shotgun-,,,,
Face Doctor Franchising - Oficial,AGAPE ASSESSORIA E CONSULTORIA LTDA,02.548.735/0001-80,"200,000.00",100 mil – 1 milhão,Consultoria em tecnologia da informação,163.00,,"Porto Alegre, Rio Grande do Sul, Brazil",[{'job_industry_list': {'industry': 'Wellness and Fitness Services'}}],"['Design, Art/Creative, and Information Technology']",https://www.linkedin.com/company/facedoctor-franchising,,,,
,MBLABS SERVICOS DE TECNOLOGIA LTDA,18.870.181/0001-72,"1,010,000.00",1 – 10 milhões,"Tratamento de dados, provedores de serviços de aplicação e serviços de hospedagem na internet",,,"Sorocaba, São Paulo, Brazil",[{'job_industry_list': {'industry': 'Advertising Services'}}],['Other'],,,,,
MB Labs,AFIANCI ASSESSORIA INTERNACIONAL LTDA.,28.634.189/0001-93,"99,800.00",Até 100 mil,"Atividades de intermediação e agenciamento de serviços e negócios em geral, exceto imobiliários",289.00,,Brazil,"[{'job_industry_list': {'industry': 'IT Services and IT Consulting, Financial Services, and Technology, Information and Media'}}]",['Engineering and Information Technology'],https://www.linkedin.com/company/mblabs,,,,
Afianci Global Networking,GSS - GESTAO SERVICOS A SAUDE LTDA,18.670.594/0001-03,"900,000.00",100 mil – 1 milhão,Atividades de atenção ambulatorial não especificadas anteriormente,28.00,,"Caxias do Sul, Rio Grande do Sul, Brazil",[{'job_industry_list': {'industry': 'International Trade and Development'}}],['Sales and Business Development'],https://www.linkedin.com/company/afianci-global-networking,,,,
GSS Gestão Serviços Saúde,VIPTRIP TURISMO LTDA,04.023.005/0001-90,"558,000.00",100 mil – 1 milhão,Agências de viagens,14.00,,"Itajaí, Santa Catarina, Brazil",[{'job_industry_list': {'industry': 'Public Health'}}],['Sales and Business Development'],https://www.linkedin.com/company/gss-gest%c3%a3oservi%c3%a7ossa%c3%bade,,,,
VIPTRIP,FAST2 MINE TECNOLOGIA E DESENVOLVIMENTO DE SISTEMAS LTDA,23.776.343/0001-48,"70,000.00",Até 100 mil,Desenvolvimento e licenciamento de programas de computador não-customizáveis,15.00,,"São Paulo, São Paulo, Brazil",[{'job_industry_list': {'industry': 'Travel Arrangements'}}],"['Consulting, Information Technology, and Sales']",https://www.linkedin.com/company/vip-trip-turismo,,,,
Fast2Mine,HYTORC RIO IMPORTACAO E EXPORTACAO E REPRESENTACAO COMERCIAL LTDA,15.364.356/0001-81,"500,000.00",100 mil – 1 milhão,Comércio atacadista de ferragens e ferramentas,100.00,,"Porto Alegre, Rio Grande do Sul, Brazil",[{'job_industry_list': {'industry': 'Mining'}}],['Quality Assurance'],https://www.linkedin.com/company/fast2-mine,,,,
HYTORC RIO,C.M SISTEMA DE GESTAO LTDA,24.897.729/0001-70,"12,000.00",Até 100 mil,Desenvolvimento e licenciamento de programas de computador não-customizáveis,15.00,,"Niterói, Rio de Janeiro, Brazil",[{'job_industry_list': {'industry': 'Wholesale Import and Export'}}],['Sales and Business Development'],https://www.linkedin.com/company/hytorc-rio,,,,
Coleção.Moda,C.M SISTEMA DE GESTAO LTDA,24.897.729/0001-70,"12,000.00",Até 100 mil,Desenvolvimento e licenciamento de programas de computador não-customizáveis,13.00,,"Florianópolis, Santa Catarina, Brazil",[{'job_industry_list': {'industry': 'Software Development'}}],['Information Technology'],https://www.linkedin.com/company/cole%c3%a7%c3%a3o.moda,,,,
Mereo.,MEREO TECH S.A.,15.648.098/0001-65,"8,125,926.00",1 – 10 milhões,Desenvolvimento e licenciamento de programas de computador customizáveis,93.00,,"Belo Horizonte, Minas Gerais, Brazil",[{'job_industry_list': {'industry': 'Software Development'}}],['Sales and Business Development'],https://www.linkedin.com/company/mereobrasil,,,,
Carbon Free Brazil,CARBON FREE BRASIL LTDA,35.305.155/0001-10,"68,350.00",Até 100 mil,"Outras atividades profissionais, científicas e técnicas não especificadas anteriormente",18.00,,"Florianópolis, Santa Catarina, Brazil",[{'job_industry_list': {'industry': 'Environmental Services'}}],['Sales and Business Development'],https://www.linkedin.com/company/carbon-free-brasil,,,,
Elemidia,ELEMIDIA CONSULTORIA E SERVICOS DE MARKETING S.A.,05.881.258/0001-68,"30,293,290.00",10 – 100 milhões,********,156.00,,"São Paulo, Brazil",[{'job_industry_list': {'industry': 'Advertising Services'}}],['Other and Information Technology'],https://www.linkedin.com/company/elemidia,,,,
360º Visualização da Arquitetura,ABEIJON & SILVA LTDA,14.072.189/0001-32,"10,000.00",Até 100 mil,Comércio varejista de outros produtos não especificados anteriormente,14.00,,"Porto Alegre, Rio Grande do Sul, Brazil",[{'job_industry_list': {'industry': 'Architecture and Planning'}}],[],https://www.linkedin.com/company/360-visualiza%c3%a7%c3%a3o-da-arquitetura,,,,
3r ribersolo,3RLAB RIBERSOLO LABORATORIO DE ANALISES AGROPECUARIAS S.A.,19.440.696/0001-03,"3,411,477.00",1 – 10 milhões,Testes e análises técnicas,55.00,,"Chapecó, Santa Catarina, Brazil",[{'job_industry_list': {'industry': 'Farming'}}],"['Research, Analyst, and Information Technology']",https://www.linkedin.com/company/3rribersolo,,,,
,AVOCATI RECUPERACAO DE ATIVOS LTDA,16.433.417/0001-88,"12,000.00",Até 100 mil,********,,,"Agudos, São Paulo, Brazil",[{'job_industry_list': {'industry': 'Administrative and Support Services'}}],['Project Management and Information Technology'],,,,,
,GLASSES SANTANA COSTA,07.188.471/0001-14,"10,000.00",Até 100 mil,Seleção e agenciamento de mão-de-obra,,,"Curitiba, Paraná, Brazil",[{'job_industry_list': {'industry': 'Advertising Services'}}],['Accounting/Auditing and Finance'],,,,,
Aliant,ICTS H3 PARTICIPACOES LTDA,38.346.606/0001-56,"85,561.00",Até 100 mil,Holdings de instituições não-financeiras,158.00,,"Barueri, São Paulo, Brazil",[{'job_industry_list': {'industry': 'Business Consulting and Services'}}],['Other'],https://www.linkedin.com/company/somosaliant,,,,
Orthopride,CLINICA ODONTOLOGICA DE IPATINGA LTDA,33.514.806/0001-57,"80,000.00",Até 100 mil,Atividade odontológica,"2,650.00",,"São Paulo, São Paulo, Brazil",[{'job_industry_list': {'industry': 'Wellness and Fitness Services'}}],['Other'],https://www.linkedin.com/company/grupoorthopride,,,,
INTERA | Talent Hacking,INTERA TALENT HACKING RECRUTAMENTO LTDA,33.434.173/0001-77,"10,000.00",Até 100 mil,Treinamento em desenvolvimento profissional e gerencial,140.00,,"São Paulo, São Paulo, Brazil",[{'job_industry_list': {'industry': 'Financial Services'}}],['Information Technology'],https://www.linkedin.com/company/byintera,,,,
Psicobreve- Psicoterapias,PSICOBREVE - CLINICA DE PSIQUIATRIA E PSICOLOGIA LTDA,45.132.557/0001-14,"10,000.00",Até 100 mil,Atividades de psicologia e psicanálise,9.00,,"Porto Alegre, Rio Grande do Sul, Brazil",[{'job_industry_list': {'industry': 'Wellness and Fitness Services'}}],['Administrative'],https://www.linkedin.com/company/psicobrevepsicoterapias,,,,
Falconi,FALCONI CONSULTORES S.A.,05.485.279/0001-64,"81,134,175.70",10 – 100 milhões,"Atividades de consultoria em gestão empresarial, exceto consultoria técnica específica","1,346.00",,"São Paulo, Brazil",[{'job_industry_list': {'industry': 'Business Consulting and Services'}}],['Business Development'],https://www.linkedin.com/company/falconi-oficial,,,,
Vixtra,VIXTRA TECNOLOGIA E SERVICOS FINANCEIROS LTDA,43.443.444/0001-04,"50,587,396.00",10 – 100 milhões,Desenvolvimento e licenciamento de programas de computador customizáveis,75.00,,"São Paulo, São Paulo, Brazil",[{'job_industry_list': {'industry': 'Financial Services'}}],['Product Management and Marketing'],https://www.linkedin.com/company/vixtra,,,,
,AGROPECUARIA PARECIS LTDA,15.911.506/0001-20,"94,000.00",Até 100 mil,Cultivo de soja,,,"Arenápolis, Mato Grosso, Brazil",[{'job_industry_list': {'industry': 'Motor Vehicle Manufacturing'}}],['Management and Manufacturing'],,,,,
Trinus Co,TRINUS CO. PARTICIPACOES S.A.,21.009.700/0001-17,"128,920,533.00",100 milhões – 1 bilhão,Holdings de instituições não-financeiras,564.00,,"Goiânia, Goiás, Brazil",[{'job_industry_list': {'industry': 'Banking'}}],"['Other', 'Engineering and Information Technology']",https://www.linkedin.com/company/trinus-co,,,,
Cadeflex - Mobiliário Corporativo,CADEFLEX MOVEIS COORPORATIVOS E ASSISTENCIA TECNICA LTDA,23.258.614/0001-73,"120,000.00",100 mil – 1 milhão,Comércio varejista de móveis,9.00,,"Belo Horizonte, Minas Gerais, Brazil",[{'job_industry_list': {'industry': 'Office Furniture and Fixtures Manufacturing'}}],['Production'],https://www.linkedin.com/company/cadeflexmobiliariocorporativo,,,,
Munai,MUNAI DESENVOLVIMENTO E SERVICOS DE INTELIGENCIA ARTIFICIAL SA,35.576.132/0001-40,"30,000.00",Até 100 mil,"Tratamento de dados, provedores de serviços de aplicação e serviços de hospedagem na internet",69.00,,"Curitiba, Paraná, Brazil",[{'job_industry_list': {'industry': 'Information Services'}}],['Business Development and Sales'],https://www.linkedin.com/company/munai-health,,,,
Huna,HUNA CC MARCENARIA LTDA,23.377.903/0001-91,"95,400.00",Até 100 mil,Fabricação de móveis com predominância de madeira,35.00,,Brazil,[{'job_industry_list': {'industry': 'Hospitals and Health Care'}}],['Engineering and Information Technology'],https://www.linkedin.com/company/huna-ai,,,,
299 IMPORTS,MMATOS COMERCIO DE VEICULOS E PECAS LTDA,21.194.795/0001-96,"80,000.00",Até 100 mil,Comércio a varejo de motocicletas e motonetas novas,33.00,,"Brasília, Federal District, Brazil",[{'job_industry_list': {'industry': 'Retail'}}],['Human Resources'],https://www.linkedin.com/company/299-imports,,,,
,CORIS BRASIL TURISMO VIAGENS E ASSISTENCIA INTERNACIONAL LTDA,04.789.159/0001-98,"300,000.00",100 mil – 1 milhão,Agências de viagens,,,Brazil,[{'job_industry_list': {'industry': 'Accounting'}}],['Finance and Sales'],,,,,
Andora Construções,ANDORA CONSTRUCOES LTDA,00.154.198/0001-68,"1,600,000.00",1 – 10 milhões,Construção de edifícios,87.00,,"Montenegro, Rio Grande do Sul, Brazil",[{'job_industry_list': {'industry': 'Construction'}}],['Administrative'],https://www.linkedin.com/company/andoraconstrucoes,,,,
OtorrinoDF,CLINICA MEDICA DE OTORRINOLARINGOLOGIA CIRURGIA CERVICO-FACIAL OTORRINODF LTDA,15.613.440/0001-91,"2,500,000.00",1 – 10 milhões,Atividades de atendimento em pronto-socorro e unidades hospitalares para atendimento a urgências,90.00,,"Brasília, Federal District, Brazil","[{'job_industry_list': {'industry': 'Health, Wellness & Fitness'}}]",['Customer Service'],https://www.linkedin.com/company/otorrino-df,,,,
Braile Biomédica,BRAILE BIOMEDICA INDUSTRIA COMERCIO E REPRESENTACOES LTDA,52.828.936/0001-09,"20,010,000.00",10 – 100 milhões,"Fabricação de instrumentos não eletrônicos e utensílios para uso médico, cirúrgico, odontológico e de laboratório",358.00,,"São José do Rio Preto, São Paulo, Brazil",[{'job_industry_list': {'industry': 'Hospitals and Health Care'}}],['Engineering and Information Technology'],https://www.linkedin.com/company/brailebiomedica,,,,
Market Makers,MARKET MAKERS LTDA,49.440.346/0001-08,"1,000.00",Até 100 mil,Holdings de instituições não-financeiras,15.00,,"São Paulo, Brazil",[{'job_industry_list': {'industry': 'Financial Services'}}],"['Writing/Editing, Design, and Finance']",https://www.linkedin.com/company/mmakersoficial,,,,
Merki Digitador,MERKI COMERCIO E INDUSTRIA LTDA,42.520.117/0001-46,"30,000.00",Até 100 mil,"Confecção, sob medida, de peças do vestuário, exceto roupas íntimas",25.00,,"Araras, São Paulo, Brazil",[{'job_industry_list': {'industry': 'Wellness and Fitness Services'}}],['Sales and Business Development'],https://www.linkedin.com/company/merki-digitador,,,,
IN10,DGI IMPORTACAO E EXPORTACAO LTDA.,57.460.644/0001-80,"635,000.00",100 mil – 1 milhão,Comércio a varejo de pneumáticos e câmaras-de-ar,17.00,,"Campina Grande do Sul, Paraná, Brazil","[{'job_industry_list': {'industry': 'Transportation, Logistics, Supply Chain and Storage'}}]",['Education and Training'],,,,,
,IN10 - INOVACAO E INTELIGENCIA EM ANALISE DE DADOS LTDA.,13.579.055/0001-40,"337,000.00",100 mil – 1 milhão,Desenvolvimento e licenciamento de programas de computador não-customizáveis,,,Brazil,"[{'job_industry_list': {'industry': 'Technology, Information and Internet'}}]",['Information Technology'],https://www.linkedin.com/company/in10brasil,,,,
,AUTRON AUTOMACAO INDUSTRIA E COMERCIO LTDA,72.932.718/0001-27,"550,000.00",100 mil – 1 milhão,Comércio atacadista de Máquinas e equipamentos para uso industrial; partes e peças,,,"Perdizes, Minas Gerais, Brazil",[{'job_industry_list': {'industry': 'Human Resources Services'}}],['Human Resources'],,,,,
,AQUELE BAR LTDA,49.958.491/0001-77,"10,000.00",Até 100 mil,"Bares e outros estabelecimentos especializados em servir bebidas, com entretenimento",,,"Curitiba, Paraná, Brazil",[],['Management and Manufacturing'],,,,,
,FORTES TECNOLOGIA EM SISTEMAS LTDA,63.542.443/0001-24,"7,704,198.00",1 – 10 milhões,Desenvolvimento e licenciamento de programas de computador não-customizáveis,,,"Agudos, São Paulo, Brazil","[{'job_industry_list': {'industry': 'Technology, Information and Internet'}}]",['Engineering and Information Technology'],,,,,
Tecer,TECER - TERMINAIS PORTUARIOS CEARA LTDA,08.247.312/0001-06,"1,300,000.00",1 – 10 milhões,Atividades do Operador Portuário,80.00,,Brazil,[{'job_industry_list': {'industry': 'Human Resources Services'}}],['Information Technology'],https://www.linkedin.com/company/tecer-recursosmaishumanos,,,,
dataRain Consulting,DATARAIN CONSULTING E SERVICOS DE TECNOLOGIA SA,32.574.606/0001-27,"10,000,000.00",1 – 10 milhões,Consultoria em tecnologia da informação,55.00,,"São Paulo, São Paulo, Brazil",[{'job_industry_list': {'industry': 'IT Services and IT Consulting'}}],['Engineering and Information Technology'],https://www.linkedin.com/company/datarainconsulting,,,,
TODOS Empreendimentos,TODOS EMPRENDIMENTOS LTDA,04.644.515/0001-85,"5,158,000.00",1 – 10 milhões,Gestão de ativos intangíveis não-financeiros,393.00,,"Ipatinga, Minas Gerais, Brazil",[{'job_industry_list': {'industry': 'Individual and Family Services'}}],['Other'],https://www.linkedin.com/company/todosempreendimentos,,,,
لم يتم العثور على الصفحة,AHGORA INTEGRACAO DE SISTEMAS E AUTOMACAO LTDA,58.384.751/0001-39,0.00,Até 100 mil,********,Não encontrado,,"Florianópolis, Santa Catarina, Brazil",[{'job_industry_list': {'industry': 'IT Services and IT Consulting'}}],['Information Technology'],https://www.linkedin.com/company/ahgora,,,,
FIEMG Lab,FEDERACAO DAS INDUSTRIAS DO ESTADO DE MINAS GERAIS - FIEMG,17.212.069/0001-81,0.00,Até 100 mil,Atividades de organizações associativas patronais e empresariais,21.00,,"Nova Lima, Minas Gerais, Brazil",[{'job_industry_list': {'industry': 'Business Consulting and Services'}}],['Administrative'],https://www.linkedin.com/company/fiemglab,,,,
Benova®,BENOVA SOLUCOES EM E-COMMERCE LTDA,23.943.826/0001-90,"10,000.00",Até 100 mil,Web desing,9.00,,"Curitiba, Paraná, Brazil","[{'job_industry_list': {'industry': 'Technology, Information and Internet'}}]",['Marketing and Sales'],https://www.linkedin.com/company/benovaoficial,,,,
Nexaas,MYFINANCE CONSULTORIA E INFORMATICA S.A.,17.799.377/0001-55,"17,236,400.00",10 – 100 milhões,Desenvolvimento de programas de computador sob encomenda,66.00,,"São Paulo, São Paulo, Brazil",[{'job_industry_list': {'industry': 'IT Services and IT Consulting'}}],['Sales and Business Development'],https://www.linkedin.com/company/nexaas,,,,
iRancho,RANCHO SOLUCOES EM TECNOLOGIA S.A.,26.542.466/0001-02,"1,600,022.00",1 – 10 milhões,Desenvolvimento e licenciamento de programas de computador não-customizáveis,65.00,,"Belo Horizonte, Minas Gerais, Brazil",[{'job_industry_list': {'industry': 'Information Services'}}],['Marketing and Sales'],https://www.linkedin.com/company/irancho,,,,
Garupa App,GARUPA DESENVOLVIMENTO DE SISTEMAS LTDA,20.353.275/0001-16,"600,000.00",100 mil – 1 milhão,Desenvolvimento e licenciamento de programas de computador não-customizáveis,175.00,,"Balneário Camboriú, Santa Catarina, Brazil",[{'job_industry_list': {'industry': 'Computer and Network Security'}}],['Engineering and Information Technology'],https://www.linkedin.com/company/garupa-app,,,,
Ewally,EWALLY INSTITUICAO DE PAGAMENTO S.A,00.714.671/0001-14,"57,239,825.00",10 – 100 milhões,Outras atividades auxiliares dos serviços financeiros não especificadas anteriormente,45.00,,Brazil,[{'job_industry_list': {'industry': 'Financial Services'}}],['Information Technology'],https://www.linkedin.com/company/ewallyapp,,,,
QiBit,GI GROUP BRASIL RECURSOS HUMANOS LTDA,04.236.064/0001-47,"150,904,040.70",100 milhões – 1 bilhão,Locação de mão-de-obra temporária,175.00,,Brazil,[{'job_industry_list': {'industry': 'Human Resources Services'}}],['Engineering and Information Technology'],https://www.linkedin.com/company/qibit-tech,,,,
GuiaInvest,GUIAINVEST CONSULTORIA DE INVESTIMENTOS LTDA.,03.271.868/0001-14,"16,784,602.00",10 – 100 milhões,Atividades de consultoria em gestão empresarial,64.00,,"Itajaí, Santa Catarina, Brazil",[{'job_industry_list': {'industry': 'Financial Services'}}],['Human Resources'],https://www.linkedin.com/company/guiainvest,,,,
Salesjobs,,17.391.047/0001-26,,Até 100 mil,,322.00,,"Caieiras, São Paulo, Brazil",[{'job_industry_list': {'industry': 'IT Services and IT Consulting'}}],['Engineering and Information Technology'],https://www.linkedin.com/company/salesjobs-io,,,,
Engenha,ENGENHA SERVICOS LTDA,17.391.047/0001-26,"100,000.00",Até 100 mil,Serviços combinados de escritório e apoio administrativo,113.00,,"Belo Horizonte, Minas Gerais, Brazil",[{'job_industry_list': {'industry': 'IT Services and IT Consulting'}}],['Management and Manufacturing'],https://www.linkedin.com/company/engenha,,,,
Whirlpool Corporation,WHIRLPOOL S.A,59.105.999/0001-86,"1,159,102,348.07",Acima de 1 bilhão,"Fabricação de fogões, refrigeradores e máquinas de lavar e secar para uso doméstico, peças e acessórios","44,770.00",,"São Paulo, São Paulo, Brazil",[{'job_industry_list': {'industry': 'Manufacturing'}}],['Other'],https://www.linkedin.com/company/whirlpool-corporation,,,,
Mercado Binário,MERCADO BINARIO ELEVA WEB LTDA,23.547.072/0001-59,"100,000.00",Até 100 mil,Marketing direto,30.00,,"São Paulo, São Paulo, Brazil",[],[],https://www.linkedin.com/company/mercado-bin%c3%a1rio,,,,
Logical Minds,LOGICAL MINDS IT SERVICES LTDA,20.626.333/0001-38,"10,000.00",Até 100 mil,Atividades de consultoria em gestão empresarial,34.00,,"Campinas, São Paulo, Brazil",[{'job_industry_list': {'industry': 'Farming'}}],['Purchasing'],https://www.linkedin.com/company/logical-minds,,,,
Best Life com você.,BEST LIFE CONSULTORIA LTDA,55.825.618/0001-82,"1,000.00",Até 100 mil,"Corretores e agentes de seguros, de planos de previdência complementar e de saúde",138.00,,"Barueri, São Paulo, Brazil",[{'job_industry_list': {'industry': 'Wellness and Fitness Services'}}],['Sales and Business Development'],https://www.linkedin.com/company/bestlife-sa%c3%bade,,,,
GeekHunter,GEEK HUNTER SELECAO E AGENCIAMENTO DE MAO-DE-OBRA LTDA,22.194.541/0001-30,"2,601,034.00",1 – 10 milhões,Seleção e agenciamento de mão-de-obra,43.00,,"São Paulo, São Paulo, Brazil",[{'job_industry_list': {'industry': 'Staffing and Recruiting'}}],['Engineering and Information Technology'],https://www.linkedin.com/company/geekhunter-brasil,,,,
Elite Formações,CENTRO EDUCACIONAL ELITE LTDA,47.952.849/0001-29,"330,000.00",100 mil – 1 milhão,Treinamento em desenvolvimento profissional e gerencial,17.00,,"Maceió, Alagoas, Brazil",[{'job_industry_list': {'industry': 'Higher Education and Education'}}],['Customer Service'],https://www.linkedin.com/company/elite-formacoes,,,,
Kantar Media,KANTAR IBOPE PESQUISA DE MIDIA LTDA,42.196.550/0001-78,"925,540,800.00",100 milhões – 1 bilhão,Pesquisas de mercado e de opinião pública,"1,612.00",,"Santo André, São Paulo, Brazil",[{'job_industry_list': {'industry': 'Marketing Services'}}],['Other'],https://www.linkedin.com/company/kantar-media,,,,
MUT Logística,MUT LOGISTICA E TRANSPORTES LTDA,22.417.374/0001-40,"1,000,000.00",100 mil – 1 milhão,"Transporte rodoviário de carga, exceto produtos perigosos e mudanças, intermunicipal, interestadual e internacional",12.00,,"Belo Horizonte, Minas Gerais, Brazil",[{'job_industry_list': {'industry': 'Truck Transportation'}}],['Management and Manufacturing'],https://www.linkedin.com/company/mutlogistica,,,,
Getrak,GETRAK SERVICOS S/A,06.349.959/0001-13,"46,424,209.99",10 – 100 milhões,Comércio varejista especializado de equipamentos de telefonia e comunicação,166.00,,Brazil,[{'job_industry_list': {'industry': 'IT Services and IT Consulting'}}],['Engineering and Information Technology'],https://www.linkedin.com/company/getrak,,,,
SFERA Multifranquias,LVB - LEVI COMERCIO DE ROUPAS LTDA,10.446.876/0001-10,"62,200.00",Até 100 mil,********,160.00,,"Rio de Janeiro, Rio de Janeiro, Brazil",[{'job_industry_list': {'industry': 'Retail'}}],['Sales and Business Development'],https://www.linkedin.com/company/sfera-multifranquias,,,,
C2C Services,C2C SERVICOS DE VIAGENS LTDA,23.456.596/0001-34,"10,000.00",Até 100 mil,Atividades de teleatendimento,36.00,,"Belo Horizonte, Minas Gerais, Brazil",[{'job_industry_list': {'industry': 'IT Services and IT Consulting'}}],['Consulting'],https://www.linkedin.com/company/c2c-travel-services,,,,
Cloud2Go,CLOUD2GO SERVICOS EM TECNOLOGIA DA INFORMACAO LTDA.,03.836.416/0001-32,"100,000.00",Até 100 mil,Desenvolvimento de programas de computador sob encomenda,24.00,,"Rio Grande do Sul, Brazil",[{'job_industry_list': {'industry': 'IT Services and IT Consulting'}}],['Business Development and Sales'],https://www.linkedin.com/company/cloud2go,,,,
Softtek,SOFTTEK SOLUCOES EM SISTEMAS LTDA.,15.622.088/0001-50,"21,224,480.00",10 – 100 milhões,Desenvolvimento de programas de computador sob encomenda,"13,669.00",,Brazil,[{'job_industry_list': {'industry': 'IT Services and IT Consulting'}}],['Information Technology'],https://www.linkedin.com/company/softtek,,,,
EmCasa,EC NEGOCIOS IMOBILIARIOS LTDA.,29.212.794/0001-39,"147,652,543.00",100 milhões – 1 bilhão,Corretagem na compra e venda e avaliação de imóveis,"4,684.00",,"São Paulo, Brazil",[{'job_industry_list': {'industry': 'Real Estate'}}],['Sales and Business Development'],https://www.linkedin.com/company/emcasa,,,,
SharePrime,SHAREPRIME TECNOLOGIA LTDA,21.456.509/0001-13,"25,000.00",Até 100 mil,Desenvolvimento e licenciamento de programas de computador customizáveis,29.00,,Brazil,[{'job_industry_list': {'industry': 'IT Services and IT Consulting'}}],['Engineering and Information Technology'],https://www.linkedin.com/company/shareprime,,,,
Pocketech,POCKETECH SOLUCOES EM TECNOLOGIA LTDA,35.692.678/0001-67,"100,000.00",Até 100 mil,Comércio atacadista de artigos de escritório e de papelaria,9.00,,"Cotia, São Paulo, Brazil",[{'job_industry_list': {'industry': 'Wholesale'}}],['Education and Training'],https://www.linkedin.com/company/pocketech,,,,
Bússola Social,BUSSOLA TECNOLOGIA SOCIAL LTDA,29.751.789/0001-02,"10,000.00",Até 100 mil,Desenvolvimento de programas de computador sob encomenda,48.00,,Brazil,[],[],https://www.linkedin.com/company/bussola-social,,,,
EASY LIVE,EASYLIVE ENTRETENIMENTO S.A.,04.343.085/0001-61,"155,465.00",100 mil – 1 milhão,"Atividades de intermediação e agenciamento de serviços e negócios em geral, exceto imobiliários",57.00,,"Santa Maria, Rio Grande do Sul, Brazil",[{'job_industry_list': {'industry': 'Entertainment Providers'}}],['Other'],https://www.linkedin.com/company/easylive,,,,
Vision Marine Training,VISION MARINE NAUTICAL TRAINING CENTER LTDA.,44.990.460/0001-80,"50,000.00",Até 100 mil,Treinamento em desenvolvimento profissional e gerencial,32.00,,"Rio de Janeiro, Brazil",[],[],https://www.linkedin.com/company/visionmarinetrainingoficial,,,,
FIG Cool Leather,LEATHER F COMERCIO DE COUROS LTDA,37.868.904/0001-43,"20,000.00",Até 100 mil,"Comércio atacadista de couros, lãs, peles e outros subprodutos não comestíveis de origem animal",15.00,,"Caxias do Sul, Rio Grande do Sul, Brazil",[],[],https://www.linkedin.com/company/figcool,,,,
Mega Leilões,TGBFC INTERMEDIACAO DE ATIVOS LTDA.,10.915.046/0001-94,"100,000.00",Até 100 mil,"Atividades de intermediação e agenciamento de serviços e negócios em geral, exceto imobiliários",63.00,,"São Paulo, São Paulo, Brazil",[],[],https://www.linkedin.com/company/megaleiloes,,,,
Projeto Ambiental,AR PROJETO AMBIENTAL LTDA,05.231.644/0001-04,"1,000,000.00",100 mil – 1 milhão,Outras atividades de serviços prestados principalmente às empresas não especificadas anteriormente,29.00,,"Cajamar, São Paulo, Brazil",[],[],https://www.linkedin.com/company/projeto-ambiental,,,,
Impact Legal Performance,IMPACT LEGAL PERFORMANCE ASSESSORIA ESTRATEGICA LTDA,32.661.627/0001-80,"10,000.00",Até 100 mil,Atividades de consultoria em gestão empresarial,10.00,,"São Paulo, São Paulo, Brazil",[],[],https://www.linkedin.com/company/impactlegal,,,,
BelaSementes,BELA SEMENTES INDUSTRIA E COMERCIO DE SEMENTES LTDA,24.692.714/0001-76,"38,298,118.00",10 – 100 milhões,"Comércio atacadista de sementes, flores, plantas e gramas",72.00,,"Patos de Minas, Minas Gerais, Brazil",[{'job_industry_list': {'industry': 'Farming'}}],['Other'],https://www.linkedin.com/company/belasementesoficial,,,,
Brisanet Telecomunicações,BRISANET SERVICOS DE TELECOMUNICACOES S.A.,04.601.397/0001-28,"1,372,035,823.74",Acima de 1 bilhão,Serviços de comunicação multimídia - SCM,"6,534.00",,"Fortaleza, Ceará, Brazil",[{'job_industry_list': {'industry': 'Telecommunications'}}],['Project Management and Information Technology'],https://www.linkedin.com/company/brisanettelecom,,,,
ZenForce,EPF BOA VAGA LTDA,47.543.402/0001-04,"3,000.00",Até 100 mil,Estacionamento de veículos,1.00,,"São Paulo, São Paulo, Brazil",[{'job_industry_list': {'industry': 'IT Services and IT Consulting'}}],['Information Technology'],https://www.linkedin.com/company/boavaga,,,,