Empresa ,Razão Social,CNPJ,Capital Social,Intervalo de capital,Segmento,Funcionários,Intervalo de Funcionários,Localização,job_industry_collection,job_functions_collection,Unique Segmento,Contagem de Segmento,Top Segmentos,
Crawford Brasil,Crawford Brasil Reguladora de Sinistros Ltda,43.193.531/0001-50,"65,042,617.00",10 – 100 milhões,Peritos e avaliadores de seguros,~170,100–199,"São Paulo, SP",,,Serviços financeiros,1,Holdings de instituições não-financeiras,15
AFPESP,Associação dos Funcionários Públicos do Estado de São Paulo,62.149.000/0001‑05,,Até 100 mil,Associação pública,240.000 associados,n/d,"São Paulo, SP",,,Setor público,1,Desenvolvimento de programas de computador sob encomenda,14
VESTE,Veste S.A. Estilo,49.669.856/0001-43,"934,807,151.80",100 milhões – 1 bilhão,Comércio varejista de vestuário,~4.000,1.000–9.999,Nacional (180 lojas),,,Varejo,1,Consultoria em tecnologia da informação,11
Socicam,Socicam Infraestrutura e Participações Ltda,43.217.280/0001‑05,"15,000,000.00",10 – 100 milhões,Terminais rodoviários e ferroviários,~5.000,1.000–9.999,Brasil e Chile,,,Infraestrutura,1,Desenvolvimento e licenciamento de programas de computador não-customizáveis,11
Volkswagen Caminhões e Ônibus,Volkswagen Caminhões e Ônibus Comércio e Serviços Ltda,06.020.318/0001‑10,"2,626,625,288.00",Acima de 1 bilhão,Comércio de veículos pesados,~3.250,1.000–9.999,"Limeira, SP (nacional/regional)",,,Indústria automotiva,1,Desenvolvimento e licenciamento de programas de computador customizáveis,10
Coop,Coop – Cooperativa de Consumo,57.508.426/0001‑78,,Até 100 mil,Comércio varejista cooperativo,~5.000,1.000–9.999,"Santo André, SP (regional)",,,Varejo,1,********,10
CATHO,Catho Online LTDA,03.753.088/0001-00,"711,372.00",100 mil – 1 milhão,Tecnologia / Portais de emprego,~80 usuários (freq.),< 100,"Barueri, SP",,,Tecnologia,1,Serviços combinados de escritório e apoio administrativo,6
Unimed Seguros,Seguros Unimed S/A,04.487.255/0001‑81,"750,000,003.00",100 milhões – 1 bilhão,Seguros / Saúde,~448 usuários frequent.,100–999,"São Paulo, SP (19 escritórios)",,,Saúde,1,"Suporte técnico, manutenção e outros serviços em tecnologia da informação",6
Dexco,DEXCO S.A,97.837.181/0001-47,"3,370,188,626.80",Acima de 1 bilhão,"Fabricação de madeira laminada e de chapas de madeira compensada, prensada e aglomerada",5464,5001-10000,"São Paulo, SP",[{'job_industry_list': {'industry': 'Construction'}}],['Management and Manufacturing'],"Fabricação de madeira laminada e de chapas de madeira compensada, prensada e aglomerada",1,"Comércio varejista de mercadorias em geral, com predominância de produtos alimentícios - supermercados",6
Solutta Consultoria,SOLUTTA SERVICOS ADMINISTRATIVOS LTDA,05.759.157/0001-19,"2,500,000.00",1 – 10 milhões,Serviços combinados de escritório e apoio administrativo,317,201–500,"São Paulo, São Paulo",[{'job_industry_list': {'industry': 'Accounting'}}],['Administrative'],Serviços combinados de escritório e apoio administrativo,6,"Confecção de peças de vestuário, exceto roupas íntimas e as confeccionadas sob medida",5
Bunge,BUNGE ALIMENTOS S/A,84.046.101/0001-93,"3,089,948,049.43",Acima de 1 bilhão,"Fabricação de óleos vegetais em bruto, exceto óleo de milho",21618,+10000,"Chesterfield, Missouri",[{'job_industry_list': {'industry': 'Food and Beverage Manufacturing'}}],['Management and Manufacturing'],"Fabricação de óleos vegetais em bruto, exceto óleo de milho",1,"Portais, provedores de conteúdo e outros serviços de informação na internet",5
unico IDtech,ACESSO DIGITAL TECNOLOGIA DA INFORMACAO S.A.,05.563.165/0001-95,"927,344,440.81",100 milhões – 1 bilhão,Desenvolvimento e licenciamento de programas de computador customizáveis,762,501–1000,"São Paulo, São Paulo",[{'job_industry_list': {'industry': 'IT Services and IT Consulting'}}],['Engineering and Information Technology'],Desenvolvimento e licenciamento de programas de computador customizáveis,10,Incorporação de empreendimentos imobiliários,5
iblue Consulting,IBLUE CONSULTING LTDA.,24.632.774/0001-01,"308,000.00",100 mil – 1 milhão,Desenvolvimento de programas de computador sob encomenda,52,51–200,Rio de Janeiro,[{'job_industry_list': {'industry': 'Consumer Services'}}],"['Other', 'Research, Analyst, and Information Technology']",Desenvolvimento de programas de computador sob encomenda,14,"Atividades de intermediação e agenciamento de serviços e negócios em geral, exceto imobiliários",5
Lev Bicicletas,RBJL COMERCIO DE BICICLETAS LTDA,22.682.168/0001-67,"10,000,000.00",1 – 10 milhões,Comércio a varejo de motocicletas e motonetas novas,223,201–500,Rio de Janeiro,[{'job_industry_list': {'industry': 'Motor Vehicle Manufacturing'}}],"['Other, Information Technology, and Management']",Comércio a varejo de motocicletas e motonetas novas,1,Comércio varejista especializado de equipamentos e suprimentos de informática,5
Brasil Forte,BRASIL FORTE - VIGILANCIA E SEGURANCA LTDA,05.290.522/0001-99,"825,500.00",100 mil – 1 milhão,Atividades de vigilância e segurança privada,203,201–500,"Rio de Janeiro, RJ",[{'job_industry_list': {'industry': 'Security and Investigations'}}],"['Other, Information Technology, and Management']",Atividades de vigilância e segurança privada,2,"Tratamento de dados, provedores de serviços de aplicação e serviços de hospedagem na internet",4
Attivo Group,ATTIVO NEGOCIOS CORPORATIVOS LTDA,18.464.894/0001-36,"10,000.00",Até 100 mil,Atividades de consultoria em gestão empresarial,83,51–200,São Paulo,[{'job_industry_list': {'industry': 'Business Consulting and Services'}}],['Management and Manufacturing'],Atividades de consultoria em gestão empresarial,3,Construção de edifícios,4
Grupo Qualitycert,QUALITYCERT CERTIFICACAO LTDA,24.783.329/0001-34,"200,000.00",100 mil – 1 milhão,"Suporte técnico, manutenção e outros serviços em tecnologia da informação",208,201–500,"Belo Horizonte, Minas Gerais",[{'job_industry_list': {'industry': 'Information Technology & Services'}}],['Sales'],"Suporte técnico, manutenção e outros serviços em tecnologia da informação",6,Atividades de contabilidade,4
Bridge & Co.,BRIDGE CONSULTING TECNOLOGIA DA INFORMACAO LTDA,11.661.731/0001-02,"56,000.00",Até 100 mil,Consultoria em tecnologia da informação,129,51–200,"Rio de Janeiro, RJ",[{'job_industry_list': {'industry': 'IT Services and IT Consulting'}}],['Human Resources'],Consultoria em tecnologia da informação,11,Serviços de engenharia,4
Depyl Action,DEPYL LF SERVICOS DE DEPILACAO LTDA,09.001.048/0001-99,"10,000.00",Até 100 mil,Atividades de estética e outros serviços de cuidados com a beleza,530,501–1000,"Belo Horizonte, Minas Gerais",[{'job_industry_list': {'industry': 'Wellness and Fitness Services'}}],['Customer Service'],Atividades de estética e outros serviços de cuidados com a beleza,1,Treinamento em desenvolvimento profissional e gerencial,4
Fundação Butantan,FUNDACAO BUTANTAN,61.189.445/0001-56,0,Até 100 mil,Outras atividades de atenção à saúde humana não especificadas anteriormente,1871,1001-5000,"São Paulo, são paulo",[{'job_industry_list': {'industry': 'Biotechnology Research'}}],"['Other, Information Technology, and Management']",Outras atividades de atenção à saúde humana não especificadas anteriormente,1,Atividades de consultoria em gestão empresarial,3
INOVAR TELECOM,INOVARTELECOM SERVICOS DE TELECOMUNICACOES LTDA,08.597.500/0001-64,"300,000.00",100 mil – 1 milhão,Reparação e manutenção de equipamentos de comunicação,103,51–200,"Salvador, Bahia",[{'job_industry_list': {'industry': 'Telecommunications'}}],['Management and Manufacturing'],Reparação e manutenção de equipamentos de comunicação,1,Atividades de administração de fundos por contrato ou comissão,3
WLAN INTERNET FIBRA,WLAN INTERNET BANDA LARGA LTDA,14.644.092/0001-57,"104,500.00",100 mil – 1 milhão,Serviços de comunicação multimídia - SCM,123,51–200,"Belém, PARÁ",[{'job_industry_list': {'industry': 'Telecommunications'}}],"['Engineering and Information Technology', 'Management and Manufacturing']",Serviços de comunicação multimídia - SCM,1,Planos de saúde,3
AMARO,AMARO LTDA.,15.070.688/0001-53,"403,324,510.00",100 milhões – 1 bilhão,"Confecção de peças de vestuário, exceto roupas íntimas e as confeccionadas sob medida",547,501–1000,"São Paulo, São Paulo",[{'job_industry_list': {'industry': 'Retail'}}],['Finance and Sales'],"Confecção de peças de vestuário, exceto roupas íntimas e as confeccionadas sob medida",5,Fabricação de outros produtos químicos não especificados anteriormente,3
SouthRock,SOUTHROCK CAPITAL LTDA. - EM RECUPERACAO JUDICIAL,11.884.896/0001-35,"11,461,175.00",10 – 100 milhões,Atividades de administração de fundos por contrato ou comissão,124,51–200,"São Paulo, SP",[{'job_industry_list': {'industry': 'Food and Beverage Services'}}],['Other'],Atividades de administração de fundos por contrato ou comissão,3,Outras atividades auxiliares dos serviços financeiros não especificadas anteriormente,3
DERALDO RIOS PINHEIRO LABORATORIO ANALISES CLINICAS - LABOCLIN,DERALDO RIOS PINHEIRO LABORATORIO ANALISES CLINICAS LTDA,13.551.767/0001-50,"75,000.00",Até 100 mil,Laboratórios clínicos,88,51–200,"Salvador, Bahia",[{'job_industry_list': {'industry': 'Hospitals and Health Care'}}],['Accounting/Auditing and Finance'],Laboratórios clínicos,2,Serviços de funerárias,3
NotreDame Intermédica,NOTRE DAME INTERMEDICA SAUDE S.A.,44.649.812/0001-38,"12,338,757,807.44",Acima de 1 bilhão,Planos de saúde,13038,+10000,"São Paulo, SP",[{'job_industry_list': {'industry': 'Insurance'}}],['Finance and Sales'],Planos de saúde,3,Agências de viagens,3
Atacadão,ATACADAO S.A.,75.315.333/0001-09,"17,304,241,526.26",Acima de 1 bilhão,"Comércio varejista de mercadorias em geral, com predominância de produtos alimentícios - hipermercados",58645,+10000,"São Paulo, SP",[{'job_industry_list': {'industry': 'Retail Groceries'}}],['Other'],"Comércio varejista de mercadorias em geral, com predominância de produtos alimentícios - hipermercados",1,Serviços de reservas e outros serviços de turismo não especificados anteriormente,3
Itaú Unibanco,ITAU UNIBANCO S.A.,60.701.190/0001-04,"70,449,914,499.75",Acima de 1 bilhão,Bancos comerciais,111275,+10000,"Sao Paulo, Sao Paulo",[{'job_industry_list': {'industry': 'Banking'}}],['Sales and Business Development'],Bancos comerciais,1,"Agenciamento de espaços para publicidade, exceto em veículos de comunicação",3
ONNO Log,ONNO LOGISTICA LTDA.,26.756.350/0001-76,"73,898,000.00",10 – 100 milhões,Terminais rodoviários e ferroviários,169,51–200,"Belo Horizonte, Minas Gerais","[{'job_industry_list': {'industry': 'Transportation, Logistics, Supply Chain and Storage'}}]",['Management and Manufacturing'],Terminais rodoviários e ferroviários,1,Atividades de vigilância e segurança privada,2
Flukka Pharma,FLUKKA FARMACIA DE MANIPULACAO LTDA,10.450.805/0001-90,"10,000.00",Até 100 mil,"Comércio varejista de produtos farmacêuticos, com manipulação de fórmulas",122,51–200,"São Bernardo do Campo, São Paulo",[{'job_industry_list': {'industry': 'Pharmaceutical Manufacturing'}}],['Sales'],"Comércio varejista de produtos farmacêuticos, com manipulação de fórmulas",2,Laboratórios clínicos,2
BHub,BHUB SERVICOS E TECNOLOGIA LTDA,42.330.545/0001-06,"238,686,615.00",100 milhões – 1 bilhão,"Tratamento de dados, provedores de serviços de aplicação e serviços de hospedagem na internet",620,501–1000,"São Paulo, São Paulo","[{'job_industry_list': {'industry': 'Accounting'}}, {'job_industry_list': {'industry': 'Technology, Information and Internet'}}]",['Accounting/Auditing and Finance'],"Tratamento de dados, provedores de serviços de aplicação e serviços de hospedagem na internet",4,"Comércio varejista de produtos farmacêuticos, com manipulação de fórmulas",2
Senior Sistemas,SENIOR SISTEMAS S/A,80.680.093/0001-81,"380,904,900.00",100 milhões – 1 bilhão,Desenvolvimento de programas de computador sob encomenda,3332,1001-5000,"Blumenau, SC",[{'job_industry_list': {'industry': 'Software Development'}}],['Sales and Business Development'],Comércio varejista de materiais de construção não especificados anteriormente,1,Comércio atacadista de cosméticos e produtos de perfumaria,2
Village Home Center,VILLAGE MATERIAIS DE ACABAMENTO LTDA,61.082.491/0001-51,"252,000.00",100 mil – 1 milhão,Comércio varejista de materiais de construção não especificados anteriormente,220,201–500,"OSASCO, SÃO PAULO","[{'job_industry_list': {'industry': 'Retail'}}, {'job_industry_list': {'industry': ''}}]","['Other', 'Sales and Business Development']",Comércio atacadista especializado em outros produtos intermediários não especificados anteriormente,1,Atividades de teleatendimento,2
Sólides,SOLIDES TECNOLOGIA S/A,10.461.302/0001-10,"150,000,000.00",100 milhões – 1 bilhão,Desenvolvimento e licenciamento de programas de computador customizáveis,1075,1001-5000,"Belo Horizonte, Minas Gerais",[{'job_industry_list': {'industry': 'Human Resources Services'}}],['Sales'],Holdings de instituições não-financeiras,15,Comércio varejista de outros produtos não especificados anteriormente,2
GestãoClick,CLICK DIGITAL SOLUTIONS LTDA,20.215.683/0001-01,"10,000.00",Até 100 mil,"Suporte técnico, manutenção e outros serviços em tecnologia da informação",159,51–200,"Belo Horizonte, Minas Gerais",[{'job_industry_list': {'industry': 'Software Development'}}],['Administrative'],"Comércio varejista de mercadorias em geral, com predominância de produtos alimentícios - supermercados",6,Comércio varejista de artigos do vestuário e acessórios,2
Tambasa Atacadistas,TECIDOS E ARMARINHOS MIGUEL BARTOLOMEU S/A,17.359.233/0001-88,"383,000,000.00",100 milhões – 1 bilhão,Comércio atacadista especializado em outros produtos intermediários não especificados anteriormente,3130,1001-5000,"Contagem, Minas Gerais","[{'job_industry_list': {'industry': 'Insurance'}}, {'job_industry_list': {'industry': 'Wholesale'}}]",['Other'],Serviços de assistência social sem alojamento,1,Fornecimento e gestão de recursos humanos para terceiros,2
Gentil Negócios,GENTIL NEGOCIOS PARTICIPACOES SOCIETARIAS LTDA,17.518.733/0001-15,"500,000.00",100 mil – 1 milhão,Holdings de instituições não-financeiras,611,501–1000,"Natal, Rio Grande do Norte",[{'job_industry_list': {'industry': 'Retail'}}],['Sales'],Fabricação de outros produtos químicos não especificados anteriormente,3,Pesquisas de mercado e de opinião pública,2
Assaí Atacadista,SENDAS DISTRIBUIDORA S/A,06.057.223/0001-71,"1,455,769,804.94",Acima de 1 bilhão,"Comércio varejista de mercadorias em geral, com predominância de produtos alimentícios - supermercados",54682,+10000,"São Paulo, SP",[{'job_industry_list': {'industry': 'Retail'}}],"['Other', 'Sales and Business Development']",Fabricação de painéis e letreiros luminosos,1,Promoção de vendas,2
CERC,SER ESPECIAL - ASSOCIACAO ASSISTENCIAL DE INTEGRACAO AO TRABALHO,23.399.607/0001-91,0,Até 100 mil,Serviços de assistência social sem alojamento,327,201–500,"São Paulo, São Paulo",[{'job_industry_list': {'industry': 'IT Services and IT Consulting'}}],"['Accounting/Auditing and Finance', 'Finance and Sales']",Comércio varejista de material elétrico,1,Atividades de psicologia e psicanálise,2
TDS Company,CERC SA,32.616.080/0001-09,"164,977,209.42",100 milhões – 1 bilhão,Desenvolvimento e licenciamento de programas de computador customizáveis,95,51–200,"Recife, Pernambuco",[{'job_industry_list': {'industry': 'Information Technology & Services'}}],['Information Technology'],Desenvolvimento e licenciamento de programas de computador não-customizáveis,11,Fabricação de cimento,2
XIS DESIGN COMUNICAÇÃO VISUAL,TDS COMPANY & INDUSTRIA QUIMICA LTDA,03.227.377/0001-76,"120,000.00",100 mil – 1 milhão,Fabricação de outros produtos químicos não especificados anteriormente,45,11–50,,[{'job_industry_list': {'industry': 'Design Services'}}],['Design'],"Bancos múltiplos, com carteira comercial",1,Não encontrado,2
Mais Energia,MODULOS COMUNICACAO VISUAL LTDA,20.720.903/0001-54,"4,000.00",Até 100 mil,Fabricação de painéis e letreiros luminosos,91,51–200,"São Paulo, SP",[{'job_industry_list': {'industry': 'Services for Renewable Energy'}}],['Human Resources'],Comércio atacadista de cosméticos e produtos de perfumaria,2,Comércio varejista de animais vivos e de artigos e alimentos para animais de estimação,2
Engemon IT,MAIS ENERGIA SOLUCOES TECNICAS LTDA,01.279.782/0001-02,"111,000.00",100 mil – 1 milhão,Comércio varejista de material elétrico,323,201–500,,[{'job_industry_list': {'industry': 'IT Services and IT Consulting'}}],['Information Technology'],"Portais, provedores de conteúdo e outros serviços de informação na internet",5,"Lojas de departamentos ou magazines, exceto lojas francas",2
Banco PAN,ENGEMON IT TECNOLOGIA E SERVICOS LTDA,59.285.411/0001-13,"1,800,000.00",1 – 10 milhões,Desenvolvimento e licenciamento de programas de computador não-customizáveis,4624,1001-5000,"São Paulo, SP",[{'job_industry_list': {'industry': 'Banking'}}],['Other'],Comércio varejista de artigos de joalheria,1,"Outras sociedades de participação, exceto holdings",2
Transaction Network Services (TNS),BANCO PAN S.A.,10.466.196/0003-20,"5,928,320,482.90",Acima de 1 bilhão,"Bancos múltiplos, com carteira comercial",1761,1001-5000,"Reston, Virginia",[{'job_industry_list': {'industry': 'Telecommunications'}}],['Information Technology'],Atividades de teleatendimento,2,Corretoras de títulos e valores mobiliários,2
Promove Distribuidora,TRANSACTION NETWORK SERVICOS DE TECNOLOGIA DO BRASIL LTDA.,08.357.338/0001-07,"43,726,354.00",10 – 100 milhões,Desenvolvimento e licenciamento de programas de computador customizáveis,61,51–200,"Niterói, RJ",[{'job_industry_list': {'industry': 'Personal Care Product Manufacturing'}}],['Sales'],Comércio varejista de outros produtos não especificados anteriormente,2,Comércio atacadista de equipamentos de informática,2
Ivox Marketing Direto,PROMOVE DISTRIBUIDORA LTDA,36.445.042/0001-83,"80,000.00",Até 100 mil,Comércio atacadista de cosméticos e produtos de perfumaria,25,11–50,"Belo Horizonte, MG",[{'job_industry_list': {'industry': 'Advertising Services'}}],['Education'],"Fabricação de tintas, vernizes, esmaltes e lacas",1,"Lanchonetes, casas de chá, de sucos e similares",2
Casa das Alianças,IVOX MARKETING DIRETO S/A,11.041.151/0001-04,"10,000.00",Até 100 mil,"Portais, provedores de conteúdo e outros serviços de informação na internet",406,201–500,São Paulo,[{'job_industry_list': {'industry': 'Retail'}}],['Sales and Business Development'],Comércio varejista de artigos do vestuário e acessórios,2,Gestão e administração da propriedade imobiliária,2
Konecta,GOLDEN PREMIUM JOALHERIA RELOJOARIA COMERCIO ELETRONICO LTDA,08.911.199/0001-11,"85,000.00",Até 100 mil,Comércio varejista de artigos de joalheria,49238,+10000,"Madrid, Madrid",[{'job_industry_list': {'industry': 'Advertising Services'}}],['Management and Manufacturing'],Fornecimento e gestão de recursos humanos para terceiros,2,Atividades de consultoria e auditoria contábil e tributária,2
GPA,KONECTA BRAZIL OUTSOURCING LTDA.,47.508.411/0001-56,"136,966,750.00",100 milhões – 1 bilhão,Atividades de teleatendimento,25115,+10000,"São Paulo, SP",[{'job_industry_list': {'industry': 'Retail'}}],['Management and Manufacturing'],Ensino de música,1,"Emissão de vales-alimentação, vales-transporte e similares",2
Extracrill Tintas e Complementos,COMPANHIA BRASILEIRA DE DISTRIBUICAO,12.987.485/0001-38,"2,511,168,929.61",Acima de 1 bilhão,Comércio varejista de outros produtos não especificados anteriormente,28,11–50,"Duque de Caxias, Rio de Janeiro",[{'job_industry_list': {'industry': 'Chemical Manufacturing'}}],['Human Resources'],Fabricação de sorvetes e outros gelados comestíveis,1,Comércio atacadista de medicamentos e drogas de uso humano,2
Riachuelo,COLORE TINTAS E INDUSTRIA QUIMICA LTDA,33.200.056/0001-49,"88,000.00",Até 100 mil,"Fabricação de tintas, vernizes, esmaltes e lacas",32143,+10000,"São Paulo, São Paulo",[{'job_industry_list': {'industry': 'Retail'}}],"['Other', 'Sales and Business Development']",Pesquisas de mercado e de opinião pública,2,Correspondentes de instituições financeiras,2
Skyone,LOJAS RIACHUELO SA,19.093.204/0001-42,"4,238,448,788.42",Acima de 1 bilhão,Comércio varejista de artigos do vestuário e acessórios,556,501–1000,"São Paulo, Sao Paulo","[{'job_industry_list': {'industry': 'Technology, Information and Internet'}}]",['Human Resources'],Atividades de estudos geológicos,1,Edição de revistas,2
Nova Corrente,SKY.ONE TECNOLOGIA EM SOFTWARE S.A.,08.589.013/0001-50,"98,490,172.59",10 – 100 milhões,Desenvolvimento e licenciamento de programas de computador não-customizáveis,93,51–200,"Salvador, Bahia",[{'job_industry_list': {'industry': 'Telecommunications'}}],['Other'],Promoção de vendas,2,Gestão de ativos intangíveis não-financeiros,2
Sinqia,NOVA CORRENTE EMPREENDIMENTOS E MANUTENCAO LTDA,04.065.791/0001-99,"1,773,250.00",1 – 10 milhões,Fornecimento e gestão de recursos humanos para terceiros,1862,1001-5000,"São Paulo, SP",[{'job_industry_list': {'industry': 'IT Services and IT Consulting'}}],"['Other', 'Engineering and Information Technology']",Atividades de psicologia e psicanálise,2,Serviços de diálise e nefrologia,2
Ser Especial - AAIT,SINQIA S.A.,08.374.781/0001-96,"1,169,128,210.00",Acima de 1 bilhão,Desenvolvimento de programas de computador sob encomenda,247,201–500,"SÃO PAULO, São Paulo",[{'job_industry_list': {'industry': 'Civic and Social Organizations'}}],['Management and Manufacturing'],Fabricação de móveis com predominância de madeira,1,Hotéis,2
Persone Educação,PERSONE SERVICOS EDUCACIONAIS LTDA,NÃO ENCONTRADO,"10,000.00",Até 100 mil,Ensino de música,46,11–50,"SAO PAULO, SP",[{'job_industry_list': {'industry': 'Telecommunications'}}],['Sales and Business Development'],********,10,Comércio varejista de móveis,2
CCN Certificadora,CCN MULTIPLA CERTIFICADORA LTDA,45.616.309/0001-49,"10,000.00",Até 100 mil,"Portais, provedores de conteúdo e outros serviços de informação na internet",115,51–200,"Fortaleza, Ceará",[{'job_industry_list': {'industry': 'IT Services and IT Consulting'}}],['Management and Manufacturing'],Incorporação de empreendimentos imobiliários,5,"Atividades de consultoria em gestão empresarial, exceto consultoria técnica específica",2
Agrotis,AGROTIS AGROINFORMATICA S/A,82.413.816/0001-01,"3,000,000.00",1 – 10 milhões,Desenvolvimento e licenciamento de programas de computador customizáveis,295,201–500,"Curitiba, PR",[{'job_industry_list': {'industry': 'IT Services and IT Consulting'}}],"['Other', 'Sales and Business Development']",Fabricação de outros equipamentos e aparelhos elétricos não especificados anteriormente,1,"Atividades de atendimento hospitalar, exceto pronto-socorro e unidades para atendimento a urgências",2
Develcode,DEVELCODE INFORMATICA LTDA,21.153.354/0001-46,"500,000.00",100 mil – 1 milhão,"Suporte técnico, manutenção e outros serviços em tecnologia da informação",112,51–200,"Caxias do Sul, Rio Grande do Sul",[{'job_industry_list': {'industry': 'IT Services and IT Consulting'}}],['Administrative'],Comércio varejista de calçados,1,"Comércio varejista de produtos farmacêuticos, sem manipulação de fórmulas",2
MJV Technology & Innovation,MJV TECNOLOGIA & INOVACAO LTDA,05.940.894/0001-13,"250,000.00",100 mil – 1 milhão,Desenvolvimento de programas de computador sob encomenda,1131,1001-5000,"Atlanta, Georgia",[{'job_industry_list': {'industry': 'Business Consulting and Services'}}],['Finance and Sales'],Outras atividades auxiliares dos serviços financeiros não especificadas anteriormente,3,Administração de consórcios para aquisição de bens e direitos,2
Oggi Sorvetes,OGGI SORVETES LTDA,01.621.399/0001-90,"119,942,066.00",100 milhões – 1 bilhão,Fabricação de sorvetes e outros gelados comestíveis,1774,1001-5000,"São Bernardo do Campo, São Paulo",[{'job_industry_list': {'industry': 'Food & Beverages'}}],['Other'],Fabricação de cimento,2,Distribuidoras de títulos e valores mobiliários,2
Perseus TI,PERSEUS TECNOLOGIA DA INFORMACAO S.A.,02.679.616/0001-66,"73,328.00",Até 100 mil,Desenvolvimento e licenciamento de programas de computador customizáveis,43,11–50,"Canoas, RS",[{'job_industry_list': {'industry': 'Software Development'}}],['Other'],Não encontrado,2,Comércio varejista especializado de equipamentos de telefonia e comunicação,2
LADY TS HOMELESS MINISTRY INC,ABLER SISTEMAS E PROGRAMAS DE COMPUTADORES LTDA,29.387.715/0001-20,"1,033,680.00",1 – 10 milhões,Desenvolvimento e licenciamento de programas de computador não-customizáveis,Não encontrado,+10000,,[{'job_industry_list': {'industry': 'Human Resources Services'}}],['Sales and Business Development'],Comércio varejista de animais vivos e de artigos e alimentos para animais de estimação,2,Serviços financeiros,1
Kantar Media,KANTAR IBOPE PESQUISA DE MIDIA LTDA,42.196.550/0001-78,"925,540,800.00",100 milhões – 1 bilhão,Pesquisas de mercado e de opinião pública,1612,1001-5000,London,"[{'job_industry_list': {'industry': 'Marketing Services'}}, {'job_industry_list': {'industry': 'Mga Serbisyo sa Marketing'}}]",['Administrative'],Fabricação de artefatos de joalheria e ourivesaria,1,Setor público,1
3A Mining,3A MINING S.A.,14.482.711/0001-54,"95,931,446.00",10 – 100 milhões,Atividades de estudos geológicos,89,51–200,,[{'job_industry_list': {'industry': 'Mining'}}],"['Other', 'Management and Manufacturing']","Comércio varejista de cosméticos, produtos de perfumaria e de higiene pessoal",1,Varejo,1
Stone | Franquia Roraima,GREEN LABS LTDA,28.957.554/0001-09,"1,000,000.00",100 mil – 1 milhão,Promoção de vendas,1,0–10,"Boa Vista, Roraima",[{'job_industry_list': {'industry': 'Retail'}}],['Business Development and Sales'],"Atividades de intermediação e agenciamento de serviços e negócios em geral, exceto imobiliários",5,Infraestrutura,1
ABA VILI,ABA VILI REABILITACAO LTDA,50.251.900/0001-80,"100,000.00",Até 100 mil,Atividades de psicologia e psicanálise,17,11–50,"Santo André, São Paulo",[{'job_industry_list': {'industry': 'Hospitals and Health Care'}}],['Health Care Provider'],"Lojas de departamentos ou magazines, exceto lojas francas",2,Indústria automotiva,1
Lieu du Vin Adegas Climatizadas,LIEU DU VIN PRODUCAO E COMERCIALIZACAO DE ADEGAS LTDA,18.709.142/0001-98,"29,000.00",Até 100 mil,Fabricação de móveis com predominância de madeira,17,11–50,"Poços de Caldas, Minas Gerais",[{'job_industry_list': {'industry': 'Furniture and Home Furnishings Manufacturing'}}],['Production'],"Transporte rodoviário de carga, exceto produtos perigosos e mudanças, intermunicipal, interestadual e internacional",1,Varejo,1
Bensaúde - Plano de Saúde,BENSAUDE PLANO DE ASSISTENCIA MEDICA HOSPITALAR LTDA,02.849.393/0001-38,"3,730,000.00",1 – 10 milhões,Planos de saúde,159,51–200,"São José do Rio Preto, SP",[{'job_industry_list': {'industry': 'Wellness and Fitness Services'}}],['Health Care Provider'],Fabricação de papel,1,Tecnologia,1
Netvagas,A L DE OLIVEIRA RODRIGUES INFORMATICA,12.546.191/0001-70,"10,000.00",Até 100 mil,"Portais, provedores de conteúdo e outros serviços de informação na internet",67,51–200,Cotia,[{'job_industry_list': {'industry': 'Human Resources Services'}}],"['Marketing, Public Relations, and Writing/Editing']",Fabricação de artigos ópticos,1,Saúde,1
Brabus Mitsubishi,MIT2 COMERCIO DE VEICULOS LTDA,05.568.674/0001-00,"20,000,000.00",10 – 100 milhões,********,350,201–500,"São Paulo, SP",[{'job_industry_list': {'industry': 'Motor Vehicle Manufacturing'}}],['Other'],Fabricação de artefatos de cimento para uso na construção,1,"Fabricação de madeira laminada e de chapas de madeira compensada, prensada e aglomerada",1
AQIA Química Inovativa,AQIA QUIMICA INOVATIVA LTDA.,01.142.107/0001-37,"32,000,000.00",10 – 100 milhões,Fabricação de outros produtos químicos não especificados anteriormente,337,201–500,,[{'job_industry_list': {'industry': 'Chemical Manufacturing'}}],['Other'],Serviços de funerárias,3,"Fabricação de óleos vegetais em bruto, exceto óleo de milho",1
Vivara,VIVARA PARTICIPACOES S.A.,33.839.910/0001-11,"1,705,381,209.00",Acima de 1 bilhão,Holdings de instituições não-financeiras,3996,1001-5000,,[{'job_industry_list': {'industry': 'Retail'}}],['Other'],Construção de estações e redes de telecomunicações,1,Comércio a varejo de motocicletas e motonetas novas,1
Engepack Embalagens S.A.,ENGEPACK EMBALAGENS S/A,16.116.469/0001-20,"80,580,920.00",10 – 100 milhões,********,466,201–500,"Simões Filho, Bahia",[{'job_industry_list': {'industry': 'Automation Machinery Manufacturing'}}],['Other'],"Outras sociedades de participação, exceto holdings",2,Atividades de estética e outros serviços de cuidados com a beleza,1
Cyrela,CYRELA BRAZIL REALTY S.A. EMPREENDIMENTOS E PARTICIPACOES,73.178.600/0001-18,"3,685,000,000.00",Acima de 1 bilhão,Incorporação de empreendimentos imobiliários,5401,5001-10000,"São Paulo, SP",[{'job_industry_list': {'industry': 'Civil Engineering'}}],['Other'],Comércio a varejo de peças e acessórios novos para veículos automotores,1,Outras atividades de atenção à saúde humana não especificadas anteriormente,1
Certisign,CERTISIGN CERTIFICADORA DIGITAL S.A,01.554.285/0001-75,"63,878,609.50",10 – 100 milhões,Desenvolvimento de programas de computador sob encomenda,626,501–1000,"São Paulo, SP",[{'job_industry_list': {'industry': 'IT Services and IT Consulting'}}],['Other'],"Sociedades de crédito, financiamento e investimento - financeiras",1,Reparação e manutenção de equipamentos de comunicação,1
Modular Data Centers,MODULAR DATA CENTERS INDUSTRIA COMERCIO E SERVICOS S.A.,08.061.365/0001-38,"58,859,305.00",10 – 100 milhões,Fabricação de outros equipamentos e aparelhos elétricos não especificados anteriormente,709,501–1000,,[{'job_industry_list': {'industry': 'Automation Machinery Manufacturing'}}],['Other'],Corretoras de títulos e valores mobiliários,2,Serviços de comunicação multimídia - SCM,1
Studio Z,CALCENTER - CALCADOS CENTRO-OESTE LTDA,15.048.754/0001-99,"60,000,000.00",10 – 100 milhões,Comércio varejista de calçados,3045,1001-5000,"Florianópolis, Santa Catarina",[{'job_industry_list': {'industry': 'Retail'}}],['Other'],"Transporte rodoviário de carga, exceto produtos perigosos e mudanças, municipal",1,"Comércio varejista de mercadorias em geral, com predominância de produtos alimentícios - hipermercados",1
PagBank,PAGSEGURO INTERNET INSTITUICAO DE PAGAMENTO S.A.,08.561.701/0001-01,"4,678,580,151.90",Acima de 1 bilhão,Outras atividades auxiliares dos serviços financeiros não especificadas anteriormente,8902,5001-10000,"São Paulo, SP",[{'job_industry_list': {'industry': 'Financial Services'}}],['Sales and Business Development'],Comércio varejista especializado de equipamentos e suprimentos de informática,5,Bancos comerciais,1
Sicredi,CONFEDERACAO DAS COOPERATIVAS DO SICREDI - CONFEDERACAO SICREDI,03.795.072/0001-60,0,Até 100 mil,Serviços combinados de escritório e apoio administrativo,19636,+10000,"Porto Alegre, Rio Grande do Sul",[{'job_industry_list': {'industry': 'Financial Services'}}],['Administrative'],Construção de edifícios,4,Terminais rodoviários e ferroviários,1
Votorantim Cimentos,VOTORANTIM CIMENTOS S.A.,01.637.895/0001-32,"7,708,353,218.00",Acima de 1 bilhão,Fabricação de cimento,9247,5001-10000,São Paulo,[{'job_industry_list': {'industry': 'Civil Engineering'}}],['Other'],Frigorífico - abate de bovinos,1,Comércio varejista de materiais de construção não especificados anteriormente,1
CI&T,MJV TECNOLOGIA & INOVACAO LTDA,05.940.894/0001-13,"250,000.00",100 mil – 1 milhão,Desenvolvimento de programas de computador sob encomenda,7366,5001-10000,"New York, NY",[{'job_industry_list': {'industry': 'IT Services and IT Consulting'}}],['Engineering and Information Technology'],"Corretores e agentes de seguros, de planos de previdência complementar e de saúde",1,Comércio atacadista especializado em outros produtos intermediários não especificados anteriormente,1
abler Vagas,Não encontrado,NÃO ENCONTRADO,Não encontrado,Acima de 1 bilhão,Não encontrado,2,0–10,,"[{'job_industry_list': {'industry': 'Technology, Information and Internet'}}]",['Education and Training'],Comércio atacadista de equipamentos de informática,2,Serviços de assistência social sem alojamento,1
Beemôn Tecnologia,BEEMON TECNOLOGIA LTDA,48.496.171/0001-80,"100,000.00",Até 100 mil,Desenvolvimento de programas de computador sob encomenda,21,11–50,"Caxias do Sul, Rio Grande do Sul",[{'job_industry_list': {'industry': 'Internet Publishing'}}],['Information Technology'],Locação de mão-de-obra temporária,1,Fabricação de painéis e letreiros luminosos,1
Petz,PET CENTER COMERCIO E PARTICIPACOES S.A.,18.328.118/0001-09,"1,725,654,756.31",Acima de 1 bilhão,Comércio varejista de animais vivos e de artigos e alimentos para animais de estimação,6832,5001-10000,"São Paulo, SP",[{'job_industry_list': {'industry': 'Retail'}}],['Other'],Preparação de documentos e serviços especializados de apoio administrativo não especificados anteriormente,1,Comércio varejista de material elétrico,1
Onze,ONZE GESTORA DE INVESTIMENTOS LTDA.,34.008.311/0001-19,"6,727,867.00",1 – 10 milhões,Atividades de administração de fundos por contrato ou comissão,156,51–200,"São Paulo, São Paulo",[{'job_industry_list': {'industry': 'Financial Services'}}],['Customer Service'],Atividades de contabilidade,4,"Bancos múltiplos, com carteira comercial",1
Hector Albertazzi,FBHA INDUSTRIA E COMERCIO LTDA,27.386.178/0001-79,"100,000.00",Até 100 mil,Fabricação de artefatos de joalheria e ourivesaria,48,11–50,"São Paulo, SP",[{'job_industry_list': {'industry': 'Retail Apparel and Fashion'}}],['Sales and Business Development'],Atividades de associações de defesa de direitos sociais,1,Comércio varejista de artigos de joalheria,1
Ollie,OLLIE COSMETICOS LTDA,32.233.064/0001-29,"120,000.00",100 mil – 1 milhão,"Comércio varejista de cosméticos, produtos de perfumaria e de higiene pessoal",215,201–500,"São Paulo, SP",[{'job_industry_list': {'industry': 'Personal Care Product Manufacturing'}}],['Other'],"Comércio atacadista de livros, jornais e outras publicações",1,"Fabricação de tintas, vernizes, esmaltes e lacas",1
Sys Manager,SYS MANAGER INFORMATICA LTDA.,01.369.056/0001-80,"1,406,200.00",1 – 10 milhões,Consultoria em tecnologia da informação,486,201–500,Rio de Janeiro,[{'job_industry_list': {'industry': 'IT Services and IT Consulting'}}],['Information Technology'],"Aluguel de outras máquinas e equipamentos comerciais e industriais não especificados anteriormente, sem operador",1,Ensino de música,1
Enviabybus,EBB AGENCIAMENTO LOGISTICO DIGITAL LTDA,34.631.790/0001-25,"525,000.00",100 mil – 1 milhão,"Atividades de intermediação e agenciamento de serviços e negócios em geral, exceto imobiliários",27,11–50,"Campinas, São Paulo","[{'job_industry_list': {'industry': 'Transportation, Logistics, Supply Chain and Storage'}}]",['Other'],"Comércio a varejo de automóveis, camionetas e utilitários novos",1,Fabricação de sorvetes e outros gelados comestíveis,1
Shopee,SHOPEE LTDA,54.289.446/0001-07,"4,600,000.00",1 – 10 milhões,"Lojas de departamentos ou magazines, exceto lojas francas",49413,+10000,"Singapore, Singapore","[{'job_industry_list': {'industry': 'Internet Marketplace Platforms and Technology, Information and Internet'}}]",['Other'],Atividades de condicionamento físico,1,Atividades de estudos geológicos,1
Instituto Almai,ALMAI INSTITUTO DE NEURODESENVOLVIMENTO INFANTIL LTDA,40.689.989/0001-07,"600,000.00",100 mil – 1 milhão,Atividades de psicologia e psicanálise,425,201–500,"Santos, São Paulo",[{'job_industry_list': {'industry': 'Hospitals and Health Care'}}],['Other'],"Lanchonetes, casas de chá, de sucos e similares",2,Fabricação de móveis com predominância de madeira,1
Patrus Transportes,PATRUS TRANSPORTES LTDA,17.463.456/0001-90,"12,361,264.00",10 – 100 milhões,"Transporte rodoviário de carga, exceto produtos perigosos e mudanças, intermunicipal, interestadual e internacional",2881,1001-5000,"Contagem, Minas Gerais",[{'job_industry_list': {'industry': 'Truck Transportation'}}],['Education and Training'],Comércio varejista de materiais de construção em geral,1,Fabricação de outros equipamentos e aparelhos elétricos não especificados anteriormente,1
Softys,SOFTYS BRASIL LTDA.,44.145.845/0001-40,"5,212,540,393.00",Acima de 1 bilhão,Fabricação de papel,6513,5001-10000,"Santiago, Región Metropolitana",[{'job_industry_list': {'industry': 'Paper and Forest Product Manufacturing'}}],['Human Resources'],Serviços de engenharia,4,Comércio varejista de calçados,1
i4pro,I4PRO S.A.,07.755.913/0001-67,"15,509,478.00",10 – 100 milhões,Desenvolvimento de programas de computador sob encomenda,275,201–500,"São Paulo, São Paulo",[{'job_industry_list': {'industry': 'IT Services and IT Consulting'}}],['Marketing and Sales'],Gestão e administração da propriedade imobiliária,2,Fabricação de artefatos de joalheria e ourivesaria,1
Haytek,HTK LENTES OFTALMICAS S.A.,19.300.038/0001-08,"28,748,855.73",10 – 100 milhões,Fabricação de artigos ópticos,254,201–500,Rio de Janeiro,[{'job_industry_list': {'industry': 'Retail Office Equipment'}}],['Management and Manufacturing'],Agências de publicidade,1,"Comércio varejista de cosméticos, produtos de perfumaria e de higiene pessoal",1
Iguá Saneamento,IGUA SANEAMENTO S.A.,08.159.965/0001-33,"4,684,373,095.55",Acima de 1 bilhão,Holdings de instituições não-financeiras,2005,1001-5000,"São Paulo, SP",[{'job_industry_list': {'industry': 'Environmental Services'}}],['Business Development and Sales'],Atividades de consultoria e auditoria contábil e tributária,2,"Transporte rodoviário de carga, exceto produtos perigosos e mudanças, intermunicipal, interestadual e internacional",1
Mevo,MEVO DO BRASIL LTDA,15.726.936/0001-71,"900,000.00",100 mil – 1 milhão,Fabricação de artefatos de cimento para uso na construção,107,51–200,"São Paulo, SP",[{'job_industry_list': {'industry': 'Wellness and Fitness Services'}}],['Other'],Outras obras de engenharia civil não especificadas anteriormente,1,Fabricação de papel,1
Pravaler,FLUKKA FARMACIA DE MANIPULACAO LTDA,10.450.805/0001-90,"10,000.00",Até 100 mil,"Comércio varejista de produtos farmacêuticos, com manipulação de fórmulas",460,201–500,"São Paulo, São Paulo",[{'job_industry_list': {'industry': 'Financial Services'}}],['Finance and Sales'],Fabricação de sabões e detergentes sintéticos,1,Fabricação de artigos ópticos,1
NEXDOM Healthtech,CJA - ASSESSORIA E PREPARACAO DE DOCUMENTOS LTDA.,27.759.269/0001-02,"15,000.00",Até 100 mil,"Atividades de intermediação e agenciamento de serviços e negócios em geral, exceto imobiliários",225,201–500,,[{'job_industry_list': {'industry': 'IT Services and IT Consulting'}}],['Other'],"Emissão de vales-alimentação, vales-transporte e similares",2,Fabricação de artefatos de cimento para uso na construção,1
Cidadania Já,CONTABILIZEI TECNOLOGIA LTDA,20.182.807/0001-08,"353,888,500.00",100 milhões – 1 bilhão,Desenvolvimento e licenciamento de programas de computador não-customizáveis,207,201–500,"Rio de Janeiro, RJ",[{'job_industry_list': {'industry': 'Consumer Services'}}],['Sales and Business Development'],Agências de viagens,3,Construção de estações e redes de telecomunicações,1
Contabilizei,G4F SOLUCOES CORPORATIVAS LTDA,07.094.346/0001-45,"1,041,600.00",1 – 10 milhões,Desenvolvimento de programas de computador sob encomenda,1842,1001-5000,Brasil,[{'job_industry_list': {'industry': 'Accounting'}}],"['Research, Sales, and Customer Service']",Serviços advocatícios,1,Comércio a varejo de peças e acessórios novos para veículos automotores,1
G4F,CONCIERGE BLINDADO SERVICOS AUTOMOTIVOS LTDA,17.668.689/0001-20,"294,408,645.00",100 milhões – 1 bilhão,Consultoria em tecnologia da informação,3535,1001-5000,"Brasília, Federal District",[{'job_industry_list': {'industry': 'Business Consulting and Services'}}],['Business Development and Sales'],Comércio atacadista de medicamentos e drogas de uso humano,2,"Sociedades de crédito, financiamento e investimento - financeiras",1
Cobli,OSSEL PLANOS DE ASSISTENCIA FUNERARIA LTDA,26.181.103/0001-99,"100,000.00",Até 100 mil,Serviços de funerárias,319,201–500,"São Paulo, São Paulo",[{'job_industry_list': {'industry': 'IT Services and IT Consulting'}}],['Management and Manufacturing'],Navegação de apoio marítimo,1,"Transporte rodoviário de carga, exceto produtos perigosos e mudanças, municipal",1
OSSEL ASSISTÊNCIA,OSSEL PLANOS DE ASSISTENCIA FUNERARIA LTDA,26.181.103/0001-99,"100,000.00",Até 100 mil,Serviços de funerárias,245,201–500,"Santo Andre, Sao Paulo",[{'job_industry_list': {'industry': 'Facilities Services'}}],['Other'],"Comércio varejista especializado de peças e acessórios para aparelhos eletroeletrônicos para uso doméstico, exceto informática e comunicação",1,Frigorífico - abate de bovinos,1
TLP,TELE PERFORMANCE TELECOMUNICACOES LTDA.,02.032.251/0001-83,"5,250,000.00",1 – 10 milhões,Construção de estações e redes de telecomunicações,1331,1001-5000,"São Paulo, SP",[{'job_industry_list': {'industry': 'Construction'}}],['Human Resources'],Comércio atacadista de artigos de armarinho,1,"Corretores e agentes de seguros, de planos de previdência complementar e de saúde",1
AUTOMOB,AUTOMOB S.A.,43.513.237/0001-89,"923,420,995.00",100 milhões – 1 bilhão,"Outras sociedades de participação, exceto holdings",881,501–1000,"São Paulo, São Paulo","[{'job_industry_list': {'industry': 'Transportation, Logistics, Supply Chain and Storage'}}]",['Other'],Transporte aéreo de passageiros regular,1,Locação de mão-de-obra temporária,1
RecargaPay,RECARGAPAY INSTITUICAO DE PAGAMENTO LTDA,11.275.560/0001-75,"300,653,749.00",100 milhões – 1 bilhão,Outras atividades auxiliares dos serviços financeiros não especificadas anteriormente,651,501–1000,"São Paulo, SP",[{'job_industry_list': {'industry': 'IT Services and IT Consulting'}}],['Finance and Sales'],Comércio atacadista de outros equipamentos e artigos de uso pessoal e doméstico não especificados anteriormente,1,Preparação de documentos e serviços especializados de apoio administrativo não especificados anteriormente,1
Framework Digital,FRAMEWORK TECNOLOGIA EM SOFTWARES LTDA,06.321.412/0001-00,"3,000,000.00",1 – 10 milhões,Desenvolvimento de programas de computador sob encomenda,406,201–500,"Belo Horizonte, MG",[{'job_industry_list': {'industry': 'IT Services and IT Consulting'}}],['Information Technology'],Atividades de cobrança e informações cadastrais,1,Atividades de associações de defesa de direitos sociais,1
Clínicas Inteligentes,ESCRITORIO ADMINISTRATIVO CLINICAS INTELIGENTES LTDA,25.116.805/0001-26,"40,000.00",Até 100 mil,Serviços combinados de escritório e apoio administrativo,326,201–500,"São Paulo, SP",[{'job_industry_list': {'industry': 'Hospitals and Health Care'}}],['Other'],Correspondentes de instituições financeiras,2,"Comércio atacadista de livros, jornais e outras publicações",1
ICTS,ICTS DESENVOLVIMENTO DE SISTEMAS E TECNOLOGIA LTDA.,35.716.886/0001-59,"1,000,000.00",100 mil – 1 milhão,Atividades de consultoria em gestão empresarial,715,501–1000,"São Paulo, SP",[{'job_industry_list': {'industry': 'Business Consulting and Services'}}],['Other'],Ensino médio,1,"Aluguel de outras máquinas e equipamentos comerciais e industriais não especificados anteriormente, sem operador",1
O Varejão Autopeças,O VAREJAO AUTOPECAS S.A.,13.868.245/0001-87,"43,877,551.00",10 – 100 milhões,Comércio a varejo de peças e acessórios novos para veículos automotores,158,51–200,,[{'job_industry_list': {'industry': 'Retail'}}],['Other'],Marketing direto,1,"Comércio a varejo de automóveis, camionetas e utilitários novos",1
Omni Conectado,OMNI S/A CREDITO FINANCIAMENTO E INVESTIMENTO,92.228.410/0001-02,"836,357,288.46",100 milhões – 1 bilhão,"Sociedades de crédito, financiamento e investimento - financeiras",1507,1001-5000,São Paulo,[{'job_industry_list': {'industry': 'Banking'}}],['Other'],Agentes de investimentos em aplicações financeiras,1,Atividades de condicionamento físico,1
Dasa,DIAGNOSTICOS DA AMERICA S.A .,61.486.650/0001-83,"19,625,345,656.49",Acima de 1 bilhão,Laboratórios clínicos,31762,+10000,São Paulo,"[{'job_industry_list': {'industry': 'Hospitals and Health Care'}}, {'job_industry_list': {'industry': 'Medical and Diagnostic Laboratories'}}]",['Management and Manufacturing'],"Produção de laminados planos de aço ao carbono, revestidos ou não",1,Comércio varejista de materiais de construção em geral,1
EMPREGARE.com,HERO TECNOLOGIA LTDA,23.073.946/0001-83,"460,000.00",100 mil – 1 milhão,Desenvolvimento e licenciamento de programas de computador customizáveis,18,11–50,,[{'job_industry_list': {'industry': 'Software Development'}}],['Accounting/Auditing and Finance'],Testes e análises técnicas,1,Agências de publicidade,1
Ativa Investimentos,"ATIVA INVESTIMENTOS S/A CORRETORA DE TITULOS, CAMBIO E VALORES",33.775.974/0001-04,"43,186,643.17",10 – 100 milhões,Corretoras de títulos e valores mobiliários,237,201–500,"Rio de Janeiro, RJ",[{'job_industry_list': {'industry': 'Banking and Financial Services'}}],"['Administrative, Human Resources, and Other']",Edição de revistas,2,Outras obras de engenharia civil não especificadas anteriormente,1
aTip,ATIP PLATAFORMA TECNOLOGICA E EVENTOS LTDA,44.695.347/0001-71,"10,000.00",Até 100 mil,"Portais, provedores de conteúdo e outros serviços de informação na internet",13,11–50,São Paulo,[{'job_industry_list': {'industry': 'Human Resources Services'}}],['Other'],Gestão de ativos intangíveis não-financeiros,2,Fabricação de sabões e detergentes sintéticos,1
Lojas Torra,MAGAZINE TORRA TORRA LTDA,22.685.030/0001-11,"658,770,000.00",100 milhões – 1 bilhão,"Lojas de departamentos ou magazines, exceto lojas francas",5743,5001-10000,São Paulo,[{'job_industry_list': {'industry': 'Retail'}}],['Other'],Comércio varejista especializado de eletrodomésticos e equipamentos de áudio e vídeo,1,Serviços advocatícios,1
UOL EdTech,UOL EDTECH TECNOLOGIA EDUCACIONAL S.A.,18.777.517/0001-57,"571,919,667.00",100 milhões – 1 bilhão,********,818,501–1000,"São Paulo, SP",[{'job_industry_list': {'industry': 'E-Learning Providers'}}],['Sales and Business Development'],"Fabricação de máquinas, equipamentos e aparelhos para transporte e elevação de pessoas, peças e acessórios",1,Navegação de apoio marítimo,1
TransParaná,TRANSPARANA TRANSPORTES LTDA,11.453.064/0001-64,"110,000.00",100 mil – 1 milhão,"Transporte rodoviário de carga, exceto produtos perigosos e mudanças, municipal",197,51–200,"Camaçari, Bahia",[{'job_industry_list': {'industry': 'Financial Services'}}],['Finance and Sales'],"Outras atividades profissionais, científicas e técnicas não especificadas anteriormente",1,"Comércio varejista especializado de peças e acessórios para aparelhos eletroeletrônicos para uso doméstico, exceto informática e comunicação",1
Shoulder,SHOULDER S.A.,43.470.566/0001-90,"19,036,404.20",10 – 100 milhões,"Confecção de peças de vestuário, exceto roupas íntimas e as confeccionadas sob medida",1426,1001-5000,São Paulo,[{'job_industry_list': {'industry': 'Retail'}}],['Sales and Business Development'],Serviços de diálise e nefrologia,2,Comércio atacadista de artigos de armarinho,1
Rennova,RENNOVA INVESTIMENTOS E PARTICIPACOES S.A.,49.949.602/0001-89,"100,040,101.00",100 milhões – 1 bilhão,Holdings de instituições não-financeiras,865,501–1000,"Goiania, Goiás",[{'job_industry_list': {'industry': 'Automation Machinery Manufacturing'}}],['Other'],Construção de rodovias e ferrovias,1,Transporte aéreo de passageiros regular,1
YDUQS,YDUQS PARTICIPACOES S.A.,08.807.432/0001-10,"1,139,887,263.22",Acima de 1 bilhão,Holdings de instituições não-financeiras,2330,1001-5000,"Rio de Janeiro, RJ",[{'job_industry_list': {'industry': 'Education Administration Programs'}}],['Other'],Fabricação de aparelhos e equipamentos para distribuição e controle de energia elétrica,1,Comércio atacadista de outros equipamentos e artigos de uso pessoal e doméstico não especificados anteriormente,1
Axur,AXUR SEGURANCA E DEFESA CIBERNETICA LTDA,10.318.969/0001-69,"3,117,930.00",1 – 10 milhões,Desenvolvimento e licenciamento de programas de computador não-customizáveis,233,201–500,"Miami, Florida",[{'job_industry_list': {'industry': 'IT Services and IT Consulting'}}],['Engineering and Information Technology'],Sociedade seguradora de seguros não vida,1,Atividades de cobrança e informações cadastrais,1
Rede Ápice,LIZ EDUCACIONAL LTDA,38.089.262/0001-47,"1,000,000.00",100 mil – 1 milhão,Holdings de instituições não-financeiras,22,11–50,"São Paulo, SP",[{'job_industry_list': {'industry': 'Motor Vehicle Manufacturing'}}],['Sales and Business Development'],Sociedades de crédito ao microempreendedor,1,Ensino médio,1
KaBuM!,KABUM S.A.,05.570.714/0001-59,"250,881,568.21",100 milhões – 1 bilhão,Comércio varejista especializado de equipamentos e suprimentos de informática,1117,1001-5000,"Limeira, São Paulo",[{'job_industry_list': {'industry': 'Retail'}}],['Other'],Comércio varejista de outros artigos de uso pessoal e doméstico não especificados anteriormente,1,Marketing direto,1
Cury Construtora,CURY CONSTRUTORA E INCORPORADORA S.A.,08.797.760/0001-83,"506,846,633.00",100 milhões – 1 bilhão,Construção de edifícios,3275,1001-5000,"São Paulo, São Paulo",[{'job_industry_list': {'industry': 'Civil Engineering'}}],['Other'],Educação superior - graduação e pós-graduação,1,Agentes de investimentos em aplicações financeiras,1
Benner,BENNER SISTEMAS S/A,02.288.055/0001-74,0,Até 100 mil,Desenvolvimento e licenciamento de programas de computador customizáveis,1362,1001-5000,São Paulo,[{'job_industry_list': {'industry': 'IT Services and IT Consulting'}}],['Other'],"Instalação e manutenção de sistemas centrais de ar condicionado, de ventilação e refrigeração",1,"Produção de laminados planos de aço ao carbono, revestidos ou não",1
Simpar,SIMPAR S.A.,07.415.333/0001-20,"1,174,361,607.43",Acima de 1 bilhão,Holdings de instituições não-financeiras,596,501–1000,São Paulo,"[{'job_industry_list': {'industry': 'Transportation, Logistics, Supply Chain and Storage'}}]",['Other'],Fabricação de biscoitos e bolachas,1,Testes e análises técnicas,1
JBS,JBS S/A,02.916.265/0001-60,"23,631,071,304.24",Acima de 1 bilhão,Frigorífico - abate de bovinos,88545,+10000,"São Paulo, São Paulo",[{'job_industry_list': {'industry': 'Food and Beverage Manufacturing'}}],['Management and Manufacturing'],Comércio varejista de produtos alimentícios em geral ou especializado em produtos alimentícios não especificados anteriormente,1,Comércio varejista especializado de eletrodomésticos e equipamentos de áudio e vídeo,1
Alper Seguros,ALPER CONSULTORIA E CORRETORA DE SEGUROS S.A.,11.721.921/0001-60,"598,151,564.92",100 milhões – 1 bilhão,"Corretores e agentes de seguros, de planos de previdência complementar e de saúde",1111,1001-5000,"São Paulo, São Paulo",[{'job_industry_list': {'industry': 'Insurance'}}],['Other'],"Comércio atacadista de mercadorias em geral, com predominância de produtos alimentícios",1,"Fabricação de máquinas, equipamentos e aparelhos para transporte e elevação de pessoas, peças e acessórios",1
SFERA Multifranquias,LVB - LEVI COMERCIO DE ROUPAS LTDA,10.446.876/0001-10,"62,200.00",Até 100 mil,********,160,51–200,"Rio de Janeiro, Rio de Janeiro",[{'job_industry_list': {'industry': 'Retail'}}],['Sales and Business Development'],Fabricação de embalagens de material plástico,1,"Outras atividades profissionais, científicas e técnicas não especificadas anteriormente",1
Nuvemshop,NA NUVEM SHOP INTERMEDIACOES LTDA,49.256.088/0001-04,"4,000.00",Até 100 mil,"Atividades de intermediação e agenciamento de serviços e negócios em geral, exceto imobiliários",795,501–1000,São Paulo,"[{'job_industry_list': {'industry': 'Technology, Information and Internet'}}]",['Engineering and Information Technology'],Hotéis,2,Construção de rodovias e ferrovias,1
Connectoway,CONNECTOWAY SOLUCOES INTELIGENTES EM TECNOLOGIA S.A,03.822.909/0001-13,"23,380,000.00",10 – 100 milhões,Comércio atacadista de equipamentos de informática,167,51–200,"Recife, Pernambuco",[{'job_industry_list': {'industry': 'Telecommunications'}}],['Other'],Compra e venda de imóveis próprios,1,Fabricação de aparelhos e equipamentos para distribuição e controle de energia elétrica,1
DB,SUPERMERCADOS DB LTDA,22.991.939/0001-06,"245,000,000.00",100 milhões – 1 bilhão,"Comércio varejista de mercadorias em geral, com predominância de produtos alimentícios - supermercados",1125,1001-5000,"Porto Alegre, Rio Grande do Sul",[{'job_industry_list': {'industry': 'IT Services and IT Consulting'}}],['Other'],"Comércio a varejo de automóveis, camionetas e utilitários usados",1,Sociedade seguradora de seguros não vida,1
LIZIE,ATF COMERCIO E CONFECCAO LTDA,25.196.071/0001-32,"60,000.00",Até 100 mil,"Confecção de peças de vestuário, exceto roupas íntimas e as confeccionadas sob medida",250,201–500,"Rio de Janeiro, RJ",[{'job_industry_list': {'industry': 'Retail'}}],['Other'],"Fabricação de biocombustíveis, exceto álcool",1,Sociedades de crédito ao microempreendedor,1
Federzoni Supermercados,FEDERZONI SERPA COMERCIO DE ALIMENTOS LTDA,07.165.375/0001-50,"100,000.00",Até 100 mil,"Comércio varejista de mercadorias em geral, com predominância de produtos alimentícios - supermercados",277,201–500,"Caieiras, SP",[{'job_industry_list': {'industry': 'Retail Groceries'}}],['Management and Manufacturing'],Fabricação de artefatos de material plástico para outros usos não especificados anteriormente,1,Comércio varejista de outros artigos de uso pessoal e doméstico não especificados anteriormente,1
Valle RH,VALLE RECURSOS HUMANOS TRABALHOS TEMPORARIOS LTDA,10.719.710/0001-20,"274,000.00",100 mil – 1 milhão,Locação de mão-de-obra temporária,149,51–200,"Sorocaba, São Paulo",[{'job_industry_list': {'industry': 'Human Resources Services'}}],['Management and Manufacturing'],"Comercio varejista de artigos de cama, mesa e banho",1,Educação superior - graduação e pós-graduação,1
Cipriano Ayala Soluções em Gestão Pública,AYALA E AYALA ASSESSORIA E CONSULTORIA LTDA,31.465.695/0001-00,"75,000.00",Até 100 mil,Preparação de documentos e serviços especializados de apoio administrativo não especificados anteriormente,13,11–50,"Sorocaba, São Paulo",[{'job_industry_list': {'industry': 'Business Consulting and Services'}}],[],Comércio varejista de móveis,2,"Instalação e manutenção de sistemas centrais de ar condicionado, de ventilação e refrigeração",1
Join LinkedIn,SERAC CONTABILIDADE LTDA,46.390.988/0001-43,"1,000.00",Até 100 mil,Atividades de contabilidade,Não encontrado,+10000,Não encontrada,[{'job_industry_list': {'industry': 'Education Administration Programs'}}],['Other'],Fabricação de refrigerantes,1,Fabricação de biscoitos e bolachas,1
AFPESP,ASSOCIACAO DOS FUNCIONARIOS PUBLICOS ESTADO SAO PAULO,62.149.000/0001-05,0,Até 100 mil,Atividades de associações de defesa de direitos sociais,788,501–1000,"São Paulo, São Paulo",[{'job_industry_list': {'industry': 'Civic and Social Organizations'}}],['Other'],"Aluguel de palcos, coberturas e outras estruturas de uso temporário, exceto andaimes",1,Comércio varejista de produtos alimentícios em geral ou especializado em produtos alimentícios não especificados anteriormente,1
Vitus,VITUS GESTAO E ATIVIDADES PARA IDOSOS LTDA,33.682.401/0001-28,"5,000.00",Até 100 mil,********,110,51–200,"Rio de Janeiro, RJ",[{'job_industry_list': {'industry': 'Wellness and Fitness Services'}}],['Other'],"Comércio atacadista de artigos do vestuário e acessórios, exceto profissionais e de segurança",1,"Comércio atacadista de mercadorias em geral, com predominância de produtos alimentícios",1
Docket,"R.P.D. - DOCUMENTOS, APOIO EMPRESARIAL E NEGOCIOS LTDA",23.522.710/0001-87,"137,297,427.00",100 milhões – 1 bilhão,Desenvolvimento e licenciamento de programas de computador não-customizáveis,152,51–200,"São Paulo, São Paulo",[{'job_industry_list': {'industry': 'Software Development'}}],['Other'],Atividade médica ambulatorial com recursos para realização de exames complementares,1,Fabricação de embalagens de material plástico,1
EBM Incorporacoes,EBM INCORPORACOES S/A,03.025.881/0001-93,"199,296,390.19",100 milhões – 1 bilhão,Incorporação de empreendimentos imobiliários,780,501–1000,"Goiânia, Goiás",[{'job_industry_list': {'industry': 'Civil Engineering'}}],['Other'],"Comércio atacadista de máquinas, aparelhos e equipamentos para uso odonto-médico-hospitalar; partes e peças",1,Compra e venda de imóveis próprios,1
Minha Biblioteca,MINHA BIBLIOTECA LTDA.,13.183.749/0001-63,"2,500,000.00",1 – 10 milhões,"Comércio atacadista de livros, jornais e outras publicações",295,201–500,"São Paulo, São Paulo",[{'job_industry_list': {'industry': 'Education Administration Programs'}}],['Other'],"Atividades de consultoria em gestão empresarial, exceto consultoria técnica específica",2,"Comércio a varejo de automóveis, camionetas e utilitários usados",1
A GERADORA,A GERADORA ALUGUEL DE MAQUINAS S.A.,33.845.322/0001-90,"122,184,504.28",100 milhões – 1 bilhão,"Aluguel de outras máquinas e equipamentos comerciais e industriais não especificados anteriormente, sem operador",828,501–1000,"Salvador, BA",[{'job_industry_list': {'industry': 'Machinery Manufacturing'}}],['Other'],Comércio atacadista especializado em outros produtos alimentícios não especificados anteriormente,1,"Fabricação de biocombustíveis, exceto álcool",1
D21 Motors | CAOA Chery,YELLOW MOUNTAIN DISTRIBUIDORA DE VEICULOS LTDA,29.402.622/0001-28,"309,011,998.00",100 milhões – 1 bilhão,"Comércio a varejo de automóveis, camionetas e utilitários novos",465,201–500,"São Paulo, SP",[{'job_industry_list': {'industry': 'Retail'}}],['Other'],Cooperativas de crédito mútuo,1,Fabricação de artefatos de material plástico para outros usos não especificados anteriormente,1
Smart Fit,SMARTFIT ESCOLA DE GINASTICA E DANCA S.A,07.594.978/0001-78,"3,147,667,884.00",Acima de 1 bilhão,Atividades de condicionamento físico,12198,+10000,São Paulo,[{'job_industry_list': {'industry': 'Wellness and Fitness Services'}}],['Education and Training'],"Depósitos de mercadorias para terceiros, exceto armazéns gerais e guarda-móveis",1,"Comercio varejista de artigos de cama, mesa e banho",1
ZAMP,ZAMP S.A.,13.574.594/0001-96,"1,911,068,419.57",Acima de 1 bilhão,"Lanchonetes, casas de chá, de sucos e similares",10358,+10000,Barueri,[{'job_industry_list': {'industry': 'Restaurants'}}],['Other'],Comércio varejista de livros,1,Fabricação de refrigerantes,1
Casamax,CASAMAX COMERCIAL E SERVICOS LTDA,08.183.516/0001-20,"18,364,415.00",10 – 100 milhões,Comércio varejista de materiais de construção em geral,457,201–500,"Suzano, São Paulo",[{'job_industry_list': {'industry': 'Retail'}}],['Management and Manufacturing'],Serviços de reservas e outros serviços de turismo não especificados anteriormente,3,"Aluguel de palcos, coberturas e outras estruturas de uso temporário, exceto andaimes",1
Draft Solutions,DRAFT SOLUTIONS CONSULTORIA LTDA,06.315.198/0001-89,"2,100,000.00",1 – 10 milhões,Serviços de engenharia,241,201–500,"Belo Horizonte, Minas Gerais",[{'job_industry_list': {'industry': 'Engineering Services'}}],['Management and Manufacturing'],Treinamento em desenvolvimento profissional e gerencial,4,"Comércio atacadista de artigos do vestuário e acessórios, exceto profissionais e de segurança",1
VemKiTem,VEMKITEM COMERCIO DE UTILIDADES LTDA,09.368.337/0001-20,"8,000.00",Até 100 mil,********,179,51–200,,[{'job_industry_list': {'industry': 'Retail'}}],['Administrative'],"Atividades de atendimento hospitalar, exceto pronto-socorro e unidades para atendimento a urgências",2,Atividade médica ambulatorial com recursos para realização de exames complementares,1
Partage Malls,PARTAGE ADMINISTRACAO DE SHOPPING CENTER LTDA.,09.324.208/0001-30,"24,596,727.00",10 – 100 milhões,Gestão e administração da propriedade imobiliária,470,201–500,"São Paulo, SP",[{'job_industry_list': {'industry': 'Retail'}}],['Other'],Fabricação de embalagens metálicas,1,"Comércio atacadista de máquinas, aparelhos e equipamentos para uso odonto-médico-hospitalar; partes e peças",1
Intelipost,INTELIPOST CONSULTORIA E TECNOLOGIA DE LOGISTICA LTDA,19.337.462/0001-27,"115,246,871.00",100 milhões – 1 bilhão,Consultoria em tecnologia da informação,254,201–500,"São Paulo, São Paulo",[{'job_industry_list': {'industry': 'IT Services and IT Consulting'}}],['Other'],"Agenciamento de espaços para publicidade, exceto em veículos de comunicação",3,Comércio atacadista especializado em outros produtos alimentícios não especificados anteriormente,1
Jüssi,JUSSI INTENTION MARKETING LTDA.,11.465.216/0001-49,"50,000.00",Até 100 mil,Agências de publicidade,299,201–500,"São Paulo, SP",[{'job_industry_list': {'industry': 'Advertising Services'}}],['Advertising'],"Comércio varejista de produtos farmacêuticos, sem manipulação de fórmulas",2,Cooperativas de crédito mútuo,1
Tributo Justo Oficial,"TRIBUTO JUSTO - TECNOLOGIA, CONSULTORIA E AUDITORIA TRIBUTARIA LTDA",51.979.018/0001-18,"100,000.00",Até 100 mil,Atividades de consultoria e auditoria contábil e tributária,130,51–200,"Curitiba, Paraná",[{'job_industry_list': {'industry': 'Design'}}],"['Design, Art/Creative, and Information Technology']","Produção de laminados longos de aço, exceto tubos",1,"Depósitos de mercadorias para terceiros, exceto armazéns gerais e guarda-móveis",1
Sou SERAC,CARDWAY HOLDING S.A.,50.475.622/0001-44,"31,824,815.48",10 – 100 milhões,Holdings de instituições não-financeiras,160,51–200,"Santana, São Paulo",[{'job_industry_list': {'industry': 'Accounting'}}],"['Design, Art/Creative, and Information Technology']",Outras obras de instalações em construções não especificadas anteriormente,1,Comércio varejista de livros,1
Cardway,SOLARGRID ENERGIA SOLAR COMERCIO E SERVICOS LTDA,21.481.886/0001-02,"7,200,000.00",1 – 10 milhões,Comércio varejista de outros produtos não especificados anteriormente,211,201–500,,[{'job_industry_list': {'industry': 'Retail'}}],['Sales and Business Development'],"Representantes comerciais e agentes do comércio de produtos alimentícios, bebidas e fumo",1,Fabricação de embalagens metálicas,1
Solar Grid,PASSARELLI ENGENHARIA E CONSTRUCAO LTDA.,60.625.829/0001-01,"58,378,065.50",10 – 100 milhões,Outras obras de engenharia civil não especificadas anteriormente,392,201–500,"Rio de Janeiro, RJ",[{'job_industry_list': {'industry': 'Consumer Services'}}],['Other'],"Fabricação de bicicletas e triciclos não-motorizados, peças e acessórios",1,"Produção de laminados longos de aço, exceto tubos",1
Passarelli,COOP - COOPERATIVA DE CONSUMO,57.508.426/0001-78,0,Até 100 mil,"Comércio varejista de mercadorias em geral, com predominância de produtos alimentícios - supermercados",1188,1001-5000,"São Paulo, SP",[{'job_industry_list': {'industry': 'Construction'}}],['Other'],Bolsa de mercadorias e futuros,1,Outras obras de instalações em construções não especificadas anteriormente,1
Coop - Consumer Cooperative,LEME INTELIGENCIA FORENSE E CONSULTORIA EMPRESARIAL LTDA,10.999.476/0001-31,"630,000.00",100 mil – 1 milhão,Serviços combinados de escritório e apoio administrativo,4418,1001-5000,"Santo André, São Paulo",[{'job_industry_list': {'industry': 'Retail'}}],['Other'],Atividades associativas não especificadas anteriormente,1,"Representantes comerciais e agentes do comércio de produtos alimentícios, bebidas e fumo",1
LEME Inteligência Forense,FLORA PRODUTOS DE HIGIENE E LIMPEZA S.A,08.505.736/0001-23,"792,561,101.45",100 milhões – 1 bilhão,Fabricação de sabões e detergentes sintéticos,89,51–200,"Pinhais, Paraná",[{'job_industry_list': {'industry': 'IT Services and IT Consulting'}}],['Administrative'],Outras atividades de serviços prestados principalmente às empresas não especificadas anteriormente,1,"Fabricação de bicicletas e triciclos não-motorizados, peças e acessórios",1
Flora,RAIO BENEFICIOS LTDA,49.854.823/0001-73,"1,000.00",Até 100 mil,"Emissão de vales-alimentação, vales-transporte e similares",2955,1001-5000,"São Paulo, SP",[{'job_industry_list': {'industry': 'Manufacturing'}}],['Other'],"Fabricação de estufas e fornos elétricos para fins industriais, peças e acessórios",1,Bolsa de mercadorias e futuros,1
Onfly,ONFLY TECNOLOGIA LTDA,30.342.266/0001-83,"25,299,885.29",10 – 100 milhões,Agências de viagens,638,501–1000,"Belo Horizonte, Minas Gerais",[{'job_industry_list': {'industry': 'IT Services and IT Consulting'}}],['Other'],Organização logística do transporte de carga,1,Atividades associativas não especificadas anteriormente,1
VIC Engenharia,VIC ENGENHARIA S/A,12.086.678/0001-18,"21,200,000.00",10 – 100 milhões,Construção de edifícios,560,501–1000,"Belo Horizonte, Minas Gerais",[{'job_industry_list': {'industry': 'Civil Engineering'}}],['Human Resources'],Administração de consórcios para aquisição de bens e direitos,2,Outras atividades de serviços prestados principalmente às empresas não especificadas anteriormente,1
"Cescon, Barrieu, Flesch & Barreto Advogados","CESCON, BARRIEU, FLESCH & BARRETO SOCIEDADE DE ADVOGADOS",02.520.543/0001-65,"619,650.00",100 mil – 1 milhão,Serviços advocatícios,641,501–1000,"São Paulo, SP",[{'job_industry_list': {'industry': 'Law Practice'}}],['Legal'],"Comércio varejista de mercadorias em geral, com predominância de produtos alimentícios - minimercados, mercearias e armazéns",1,"Fabricação de estufas e fornos elétricos para fins industriais, peças e acessórios",1
Vellozia,VELLOZIA PRODUTOS HOSPITALARES LTDA,16.918.361/0001-51,"1,200,000.00",1 – 10 milhões,Comércio atacadista de medicamentos e drogas de uso humano,2,0–10,"Belo Horizonte, Minas Gerais",[{'job_industry_list': {'industry': 'Wholesale Recyclable Materials'}}],['Human Resources'],Distribuidoras de títulos e valores mobiliários,2,Organização logística do transporte de carga,1
Baru Offshore,BARU OFFSHORE NAVEGACAO LTDA.,14.426.327/0001-34,"152,100,505.00",100 milhões – 1 bilhão,Navegação de apoio marítimo,478,201–500,"Rio de Janeiro, RJ",[{'job_industry_list': {'industry': 'Oil and Gas'}}],['Other'],Edição de livros,1,"Comércio varejista de mercadorias em geral, com predominância de produtos alimentícios - minimercados, mercearias e armazéns",1
ESSS,ENGINEERING SIMULATION AND SCIENTIFIC SOFTWARE LTDA,00.796.437/0001-83,"734,520.00",100 mil – 1 milhão,Serviços de engenharia,385,201–500,"Florianópolis, Santa Catarina",[{'job_industry_list': {'industry': 'Software Development'}}],['Business Development and Sales'],Atividade médica ambulatorial restrita a consultas,1,Edição de livros,1
Adias Sol.Ar.,A.DIAS SOLAR DISTRIBUIDORA MERCANTIL LTDA,05.951.301/0001-14,"720,000.00",100 mil – 1 milhão,"Comércio varejista especializado de peças e acessórios para aparelhos eletroeletrônicos para uso doméstico, exceto informática e comunicação",284,201–500,"São Paulo, São Paulo",[{'job_industry_list': {'industry': 'Retail'}}],['Sales and Business Development'],Consultoria em publicidade,1,Atividade médica ambulatorial restrita a consultas,1
HSI,HSI GESTORA DE FUNDOS IMOBILIARIOS LTDA,03.539.353/0001-52,"994,540.00",100 mil – 1 milhão,Atividades de administração de fundos por contrato ou comissão,213,201–500,São Paulo,[{'job_industry_list': {'industry': 'Consumer Services'}}],['Other'],Atividades de reprodução humana assistida,1,Consultoria em publicidade,1
Ladeira Armarinhos,LADEIRA ARMARINHOS E ARTESANATOS LTDA,08.697.623/0001-77,"210,000.00",100 mil – 1 milhão,Comércio atacadista de artigos de armarinho,73,51–200,"São Paulo, SP",[{'job_industry_list': {'industry': 'Retail Art Supplies'}}],['Administrative'],Comércio varejista de artigos de colchoaria,1,Atividades de reprodução humana assistida,1
GOL Linhas Aéreas,GOL LINHAS AEREAS S.A.,07.575.651/0001-59,"6,947,111,041.38",Acima de 1 bilhão,Transporte aéreo de passageiros regular,15422,+10000,"São Paulo, SP",[{'job_industry_list': {'industry': 'Airlines and Aviation'}}],['Engineering and Information Technology'],Locação de automóveis sem condutor,1,Comércio varejista de artigos de colchoaria,1
Vollo Sports,VOLLO BRASIL ARTIGOS ESPORTIVOS LTDA,08.877.135/0001-41,"500,000.00",100 mil – 1 milhão,Comércio atacadista de outros equipamentos e artigos de uso pessoal e doméstico não especificados anteriormente,25,11–50,"Cotia, São Paulo",[{'job_industry_list': {'industry': 'Wholesale Recyclable Materials'}}],['Business Development and Sales'],Comércio atacadista de máquinas e equipamentos para uso industrial; partes e peças,1,Locação de automóveis sem condutor,1
Autoconf,AUTOCONF SERVICOS PROCESSAMENTOS DE DADOS LTDA,32.385.639/0001-29,"10,000.00",Até 100 mil,"Portais, provedores de conteúdo e outros serviços de informação na internet",63,51–200,"Curitiba, Parana",[{'job_industry_list': {'industry': 'Information Technology & Services'}}],['Other'],Atividades de apoio à extração de petróleo e gás natural,1,Comércio atacadista de máquinas e equipamentos para uso industrial; partes e peças,1
PagueVeloz,PAGUEVELOZ INSTITUICAO DE PAGAMENTO LTDA,03.816.413/0001-37,"6,200,000.00",1 – 10 milhões,Atividades de cobrança e informações cadastrais,302,201–500,"São Paulo, SP",[{'job_industry_list': {'industry': 'Financial Services'}}],['Information Technology'],Seleção e agenciamento de mão-de-obra,1,Atividades de apoio à extração de petróleo e gás natural,1
The Brooklyn Brothers,THE BROOKLYN BROTHERS LLC,23.703.314/0001-56,0,Até 100 mil,Holdings de instituições não-financeiras,112,51–200,"New York City, NY",[{'job_industry_list': {'industry': 'Computer and Network Security'}}],['Human Resources'],Comércio varejista de artigos de óptica,1,Seleção e agenciamento de mão-de-obra,1
Intertechne,INTERTECHNE CONSULTORES S. A.,80.378.052/0001-35,"19,230,434.54",10 – 100 milhões,Serviços de engenharia,834,501–1000,"Curitiba, Paraná",[{'job_industry_list': {'industry': 'Business Consulting and Services'}}],['Engineering'],"Comércio atacadista de mercadorias em geral, sem predominância de alimentos ou de insumos agropecuários",1,Comércio varejista de artigos de óptica,1
SuperSim,SUPERSIM ANALISE DE DADOS E CORRESPONDENTE BANCARIO LTDA.,NÃO ENCONTRADO,"45,000,000.00",10 – 100 milhões,Correspondentes de instituições financeiras,259,201–500,"São Paulo, SP",[{'job_industry_list': {'industry': 'Banking'}}],['Other'],"Fabricação de cosméticos, produtos de perfumaria e de higiene pessoal",1,"Comércio atacadista de mercadorias em geral, sem predominância de alimentos ou de insumos agropecuários",1
ETAPA Educacional,ETAPA EDUCACIONAL LTDA,52.167.236/0001-10,"61,925,730.00",10 – 100 milhões,Ensino médio,826,501–1000,"São Paulo, São Paulo",[{'job_industry_list': {'industry': 'Education Administration Programs'}}],"['Design, Art/Creative, and Information Technology']","Fabricação de material elétrico e eletrônico para veículos automotores, exceto baterias",1,"Fabricação de cosméticos, produtos de perfumaria e de higiene pessoal",1
GoodStorage,GOODSTORAGE HOLDING PARTICIPACOES S.A.,18.897.459/0001-03,"300,193,687.00",100 milhões – 1 bilhão,Holdings de instituições não-financeiras,138,51–200,São Paulo,[{'job_industry_list': {'industry': 'Real Estate'}}],['Other'],Comércio varejista especializado de equipamentos de telefonia e comunicação,2,"Fabricação de material elétrico e eletrônico para veículos automotores, exceto baterias",1
MGITECH,"MGITECH COMERCIO, IMPORTACAO E EXPORTACAO LTDA",17.590.881/0001-40,"10,000,000.00",1 – 10 milhões,Comércio atacadista de equipamentos de informática,110,51–200,"Mogi das Cruzes, São Paulo",[{'job_industry_list': {'industry': 'IT Services and IT Consulting'}}],['Other'],"Confecção de peças do vestuário, exceto roupas íntimas e as confeccionadas sob medida",1,"Confecção de peças do vestuário, exceto roupas íntimas e as confeccionadas sob medida",1
Insider Store,INSIDER COMERCIO E CONFECCAO DE PECAS DO VESTUARIO LTDA,26.520.188/0001-92,"40,000.00",Até 100 mil,"Confecção de peças de vestuário, exceto roupas íntimas e as confeccionadas sob medida",197,51–200,São Paulo,[{'job_industry_list': {'industry': 'Retail Apparel and Fashion'}}],['Management and Manufacturing'],,,,
Agência Tupiniquim,TUPINIQUIM AGENCIA DE MARKETING DIGITAL LTDA,28.649.506/0001-45,"6,000.00",Até 100 mil,Marketing direto,37,11–50,São Paulo,[{'job_industry_list': {'industry': 'Advertising Services'}}],['Marketing'],,,,
PicPay,PICPAY INSTITUICAO DE PAGAMENTO S/A,22.896.431/0001-10,"3,359,504,217.01",Acima de 1 bilhão,Outras atividades auxiliares dos serviços financeiros não especificadas anteriormente,6434,5001-10000,"São Paulo, São Paulo",[{'job_industry_list': {'industry': 'Financial Services'}}],"['Other', 'Research, Analyst, and Information Technology']",,,,
MM Invest AI,MM INVEST AI LTDA,42.315.636/0001-72,"1,000,000.00",100 mil – 1 milhão,Agentes de investimentos em aplicações financeiras,1,0–10,"São Paulo, 04046-500",[{'job_industry_list': {'industry': 'Online Audio and Video Media'}}],['Other'],,,,
Viveo,CM HOSPITALAR S.A.,12.420.164/0001-57,"2,549,392,366.31",Acima de 1 bilhão,Comércio atacadista de medicamentos e drogas de uso humano,5832,5001-10000,"São Paulo, SP",[{'job_industry_list': {'industry': 'Wellness and Fitness Services'}}],['Other'],,,,
CSN - Companhia Siderúrgica Nacional,COMPANHIA SIDERURGICA NACIONAL,33.042.730/0001-04,"10,240,000,000.00",Acima de 1 bilhão,"Produção de laminados planos de aço ao carbono, revestidos ou não",19084,+10000,"São Paulo, SP",[{'job_industry_list': {'industry': 'Automation Machinery Manufacturing'}}],['Other'],,,,
ALS,ALS LABORATORIOS LS LTDA.,67.641.696/0001-06,"6,390,490.00",1 – 10 milhões,Testes e análises técnicas,10698,+10000,"Milton, Queensland",[{'job_industry_list': {'industry': 'Consumer Services'}}],['Other'],,,,
Brasileirissima,BRASILEIRISSIMA INDUSTRIA E COMERCIO DO VESTUARIO LTDA,33.961.790/0001-20,"150,000.00",100 mil – 1 milhão,Comércio varejista de artigos do vestuário e acessórios,96,51–200,"SALVADOR, BAHIA",[{'job_industry_list': {'industry': 'Retail'}}],['Other'],,,,
EXAME,EXAME. LTDA.,34.906.443/0001-68,"285,500,000.00",100 milhões – 1 bilhão,Edição de revistas,969,501–1000,"São Paulo, SP","[{'job_industry_list': {'industry': 'Technology, Information and Internet'}}, {'job_industry_list': {'industry': 'Online Audio and Video Media'}}]",['Engineering and Information Technology'],,,,
Monte Bravo,MONTE BRAVO CORRETORA DE TITULOS E VALORES MOBILIARIOS S.A,50.489.148/0001-00,"151,500,000.00",100 milhões – 1 bilhão,Corretoras de títulos e valores mobiliários,512,501–1000,"São Paulo, São Paulo",[{'job_industry_list': {'industry': 'Financial Services'}}],"['Other', 'Sales and Business Development']",,,,
Distrito,DISTRITO TECNOLOGIA E SERVICOS S.A.,27.961.641/0001-69,"1,202,952.00",1 – 10 milhões,Gestão de ativos intangíveis não-financeiros,591,501–1000,"São Paulo, SP","[{'job_industry_list': {'industry': 'Technology, Information and Internet'}}]",['Engineering and Information Technology'],,,,
Despegar,DECOLAR. COM LTDA.,03.563.689/0002-31,"708,183,802.00",100 milhões – 1 bilhão,Agências de viagens,4582,1001-5000,BVI,[{'job_industry_list': {'industry': 'Software Development'}}],['Sales and Business Development'],,,,
POLISHOP,POLIMPORT - COMERCIO E EXPORTACAO LTDA EM RECUPERACAO JUDICIAL,00.436.042/0047-52,"30,000,000.00",10 – 100 milhões,Comércio varejista especializado de eletrodomésticos e equipamentos de áudio e vídeo,1934,1001-5000,"São Paulo, São Paulo",[{'job_industry_list': {'industry': 'Retail'}}],['Sales and Business Development'],,,,
Chilli Beans Regional Sul,LUZ FRANQUIAS LTDA,10.614.426/0001-99,"22,811,494.00",10 – 100 milhões,Gestão de ativos intangíveis não-financeiros,7,0–10,,[{'job_industry_list': {'industry': 'Retail'}}],['Other'],,,,
TK Elevator,TK ELEVADORES BRASIL LTDA,90.347.840/0001-18,"259,606,766.00",100 milhões – 1 bilhão,"Fabricação de máquinas, equipamentos e aparelhos para transporte e elevação de pessoas, peças e acessórios",23108,+10000,"Düsseldorf, North Rhine-Westphalia","[{'job_industry_list': {'industry': 'Machinery Manufacturing'}}, {'job_industry_list': {'industry': 'Machinery Manufacturing, Facilities Services, and Construction'}}]",['Administrative'],,,,
TEKBOND Saint-Gobain,ATB INDUSTRIA E COMERCIO DE ADESIVO LTDA,08.425.051/0001-77,0,Até 100 mil,********,398,201–500,"Embú das Artes, São Paulo",[{'job_industry_list': {'industry': 'Chemical Manufacturing'}}],['Human Resources'],,,,
Trust,TRUST S/A,51.401.816/0001-68,"3,160,000.00",1 – 10 milhões,"Outras sociedades de participação, exceto holdings",506,501–1000,"São Paulo, São Paulo",[{'job_industry_list': {'industry': 'Financial Services'}}],['Sales and Business Development'],,,,
SegMedic,SEG-MEDIC CENTRO MEDICO LTDA,01.475.178/0001-51,"50,761,481.00",10 – 100 milhões,"Outras atividades profissionais, científicas e técnicas não especificadas anteriormente",198,51–200,"Nova Iguaçu, Rio de Janeiro","[{'job_industry_list': {'industry': 'Health, Wellness & Fitness'}}]",['Sales and Business Development'],,,,
Supermercado Nordestão,SUPERMERCADO NORDESTAO LTDA,08.030.363/0001-81,"70,476,938.00",10 – 100 milhões,"Comércio varejista de mercadorias em geral, com predominância de produtos alimentícios - supermercados",3163,1001-5000,"Natal, Rio Grande do Norte",[{'job_industry_list': {'industry': 'Retail'}}],['Management and Manufacturing'],,,,
ORIBA,SHOULDER S.A.,43.470.566/0001-90,"19,036,404.20",10 – 100 milhões,"Confecção de peças de vestuário, exceto roupas íntimas e as confeccionadas sob medida",154,51–200,"São Paulo, São Paulo",[{'job_industry_list': {'industry': 'Retail Apparel and Fashion'}}],['Other'],,,,
NefroClínicas,NEFROCLINICAS - SERVICO DE NEFROLOGIA E DIALISE LTDA,32.257.409/0001-84,"510,000.00",100 mil – 1 milhão,Serviços de diálise e nefrologia,203,201–500,"Belo Horizonte, Minas Gerais","[{'job_industry_list': {'industry': 'Health, Wellness & Fitness'}}]",['Health Care Provider'],,,,
Coplan,COPLAN CONSTRUTORA PLANALTO LTDA,49.681.778/0001-00,"30,000,000.00",10 – 100 milhões,Construção de rodovias e ferrovias,179,51–200,"São Gonçalo, Rio de Janeiro",[{'job_industry_list': {'industry': 'Accounting'}}],['Other'],,,,
Construmarket,E-CONSTRUMARKET TECNOLOGIA E SERVICOS S.A.,03.706.177/0001-04,"11,566,000.00",10 – 100 milhões,Desenvolvimento e licenciamento de programas de computador não-customizáveis,211,201–500,"São Paulo, São Paulo",[{'job_industry_list': {'industry': 'IT Services and IT Consulting'}}],['Human Resources'],,,,
Vertex,VERTEX INDUSTRIA E COMERCIO LTDA,88.617.493/0001-54,"20,000.00",Até 100 mil,Fabricação de aparelhos e equipamentos para distribuição e controle de energia elétrica,119,51–200,Rio de Janeiro,[{'job_industry_list': {'industry': 'IT Services and IT Consulting'}}],['Sales and Business Development'],,,,
Porto,PORTO SEGURO COMPANHIA DE SEGUROS GERAIS,61.198.164/0001-60,"3,810,299,505.14",Acima de 1 bilhão,Sociedade seguradora de seguros não vida,22175,+10000,"Sao Paulo, SP",[{'job_industry_list': {'industry': 'Insurance'}}],['Sales and Business Development'],,,,
Crefaz,CREFAZ SOCIEDADE DE CREDITO AO MICROEMPREENDEDOR E A EMPRESA DE PEQUENO PORTE S.A.,18.188.384/0001-83,"8,500,000.00",1 – 10 milhões,Sociedades de crédito ao microempreendedor,1026,1001-5000,"Maringá, Paraná",[{'job_industry_list': {'industry': 'Financial Services'}}],['Human Resources'],,,,
ZENVIA,ZENVIA MOBILE SERVICOS DIGITAIS S.A.,14.096.190/0001-05,"1,155,607,339.95",Acima de 1 bilhão,Desenvolvimento e licenciamento de programas de computador não-customizáveis,857,501–1000,"Sao Paulo, São Paulo",[{'job_industry_list': {'industry': 'IT Services and IT Consulting'}}],['Information Technology'],,,,
Spicy retail,M. SHOP COMERCIAL LTDA,01.490.698/0001-33,"68,322,653.00",10 – 100 milhões,Comércio varejista de outros artigos de uso pessoal e doméstico não especificados anteriormente,198,51–200,,[{'job_industry_list': {'industry': 'Wholesale'}}],['Management and Manufacturing'],,,,
Bambuí,BAMBUI EMPREENDIMENTOS LTDA,10.871.039/0001-38,"10,729,912.00",10 – 100 milhões,Incorporação de empreendimentos imobiliários,227,201–500,"Goiânia, Goiás",[{'job_industry_list': {'industry': 'Construction'}}],['Marketing'],,,,
Daki,SUPERMERCADO DAKI LTDA,12.607.971/0001-83,"100,000.00",Até 100 mil,"Comércio varejista de mercadorias em geral, com predominância de produtos alimentícios - supermercados",979,501–1000,"São Paulo, SP",[{'job_industry_list': {'industry': 'Food and Beverage Services'}}],['Sales and Business Development'],,,,
Unit,SOCIEDADE DE EDUCACAO TIRADENTES S.A,13.013.263/0001-87,"65,890,747.17",10 – 100 milhões,Educação superior - graduação e pós-graduação,164,51–200,"Vitória, Espirito Santo",[{'job_industry_list': {'industry': 'Financial Services'}}],[],,,,
ília,ILIA DIGITAL S.A,17.653.740/0001-20,"15,007,498.00",10 – 100 milhões,Consultoria em tecnologia da informação,429,201–500,"São Paulo, SP",[{'job_industry_list': {'industry': 'IT Services and IT Consulting'}}],['Engineering and Information Technology'],,,,
Egis,EGIS - ENGENHARIA E CONSULTORIA LTDA.,44.239.135/0005-03,"98,461,916.00",10 – 100 milhões,Serviços de engenharia,13160,+10000,Saint-Quentin-en-Yvelines,[{'job_industry_list': {'industry': 'Civil Engineering'}}],['Administrative'],,,,
Kiss New York,IMBECOR PRODUTOS DE BELEZA LTDA.,11.235.228/0001-87,"41,500,649.00",10 – 100 milhões,Comércio atacadista de cosméticos e produtos de perfumaria,254,201–500,"São Paulo, São Paulo",[{'job_industry_list': {'industry': 'Wholesale'}}],['Quality Assurance'],,,,
Somvibe,SOM VIBE MUSIC BUSINESS LTDA,56.058.087/0001-02,"1,000,000.00",100 mil – 1 milhão,"Tratamento de dados, provedores de serviços de aplicação e serviços de hospedagem na internet",12,11–50,,[{'job_industry_list': {'industry': 'Musicians'}}],['Sales and Business Development'],,,,
minu.co,MINUTRADE PARTICIPACOES S.A.,08.700.617/0001-21,"3,562,456.00",1 – 10 milhões,Holdings de instituições não-financeiras,174,51–200,"São Paulo, SP",[{'job_industry_list': {'industry': 'Advertising Services'}}],['Information Technology'],,,,
Heating Cooling,HEATING E COOLING TECNOLOGIA TERMICA LTDA,44.124.899/0001-20,"31,965,416.00",10 – 100 milhões,"Instalação e manutenção de sistemas centrais de ar condicionado, de ventilação e refrigeração",888,501–1000,"São Paulo, São Paulo",[{'job_industry_list': {'industry': 'Industrial Machinery Manufacturing'}}],['Management and Manufacturing'],,,,
Controller,CONTROLLER - CONTADORES ASSOCIADOS LTDA,25.035.315/0001-03,"200,000.00",100 mil – 1 milhão,Atividades de contabilidade,114,51–200,"Fortaleza, CE",[{'job_industry_list': {'industry': 'Business Consulting and Services'}}],['Other'],,,,
Biscoitê,BISCOITE LTDA,35.689.008/0001-91,"50,000.00",Até 100 mil,Fabricação de biscoitos e bolachas,203,201–500,"São Paulo, São Paulo",[{'job_industry_list': {'industry': 'Food and Beverage Manufacturing'}}],['Finance and Sales'],,,,
Soon,SOON PRODUTOS ALIMENTICIOS LTDA,57.244.786/0001-00,"10,000.00",Até 100 mil,Comércio varejista de produtos alimentícios em geral ou especializado em produtos alimentícios não especificados anteriormente,88,51–200,"São Paulo, São Paulo","[{'job_industry_list': {'industry': 'Transportation, Logistics, Supply Chain and Storage'}}]",['Management and Manufacturing'],,,,
Premium Essential Kitchen,PRONUTRI PREMIUM REFEICOES LTDA.,17.176.079/0001-09,"195,000.00",100 mil – 1 milhão,"Comércio atacadista de mercadorias em geral, com predominância de produtos alimentícios",395,201–500,"São Paulo, São Paulo",[{'job_industry_list': {'industry': 'Travel Arrangements'}}],['Administrative'],,,,
Polo Films,POLO FILMS INDUSTRIA E COMERCIO S/A,26.051.817/0001-82,"651,030.00",100 mil – 1 milhão,Fabricação de embalagens de material plástico,333,201–500,"São Paulo, SP",[{'job_industry_list': {'industry': 'Plastics Manufacturing'}}],['Other'],,,,
Hotel Emiliano,EMILIANO EMPREENDIMENTOS E PARTICIPACOES HOTELEIRAS SOCIEDADE LTDA.,04.433.548/0001-86,"673,112.00",100 mil – 1 milhão,Hotéis,604,501–1000,,[{'job_industry_list': {'industry': 'Travel Arrangements'}}],['Management and Manufacturing'],,,,
Ala Serviços,ALA HOLDING LTDA,96.477.930/0001-00,"23,015,000.00",10 – 100 milhões,Compra e venda de imóveis próprios,174,51–200,"São Paulo, SP",[{'job_industry_list': {'industry': 'Business Consulting and Services'}}],['Management and Manufacturing'],,,,
Consolare,CONSOLARE CONCESSIONARIA DE CEMITERIOS E SERVICOS FUNERARIOS SPE SA,44.615.216/0001-37,"79,000,000.00",10 – 100 milhões,Serviços de funerárias,125,51–200,"São Paulo, SP",[{'job_industry_list': {'industry': 'Business Consulting and Services'}}],['Other'],,,,
Nomad,NOMAD TECNOLOGIA E PARTICIPACOES LTDA.,34.662.852/0001-66,"376,506,514.00",100 milhões – 1 bilhão,"Atividades de intermediação e agenciamento de serviços e negócios em geral, exceto imobiliários",939,501–1000,"São Paulo, SP",[{'job_industry_list': {'industry': 'Financial Services'}}],"['Product Management, Design, and Business Development']",,,,
Dotz,DOTZ S.A.,18.174.270/0001-84,"204,390,388.00",100 milhões – 1 bilhão,Holdings de instituições não-financeiras,353,201–500,,"[{'job_industry_list': {'industry': 'Technology, Information and Internet'}}]",['Marketing'],,,,
Instacarro.com,INSTACARRO SERVICOS DE INTERMEDIACAO E COMERCIO DE VEICULOS LTDA.,23.513.643/0001-34,"210,000,000.00",100 milhões – 1 bilhão,"Comércio a varejo de automóveis, camionetas e utilitários usados",163,51–200,São Paulo,[{'job_industry_list': {'industry': 'Motor Vehicle Manufacturing'}}],['Other'],,,,
GFT Technologies,GFT BRASIL CONSULTORIA INFORMATICA LTDA.,07.174.743/0001-27,"16,533,860.00",10 – 100 milhões,Desenvolvimento e licenciamento de programas de computador não-customizáveis,11728,+10000,"Stuttgart, Baden-Württemberg",[{'job_industry_list': {'industry': 'IT Services and IT Consulting'}}],['Sales and Business Development'],,,,
Binatural,BINATURAL ENERGIAS RENOVAVEIS S.A,07.113.559/0001-77,"54,208,876.00",10 – 100 milhões,"Fabricação de biocombustíveis, exceto álcool",309,201–500,"Barueri, São Paulo",[{'job_industry_list': {'industry': 'Business Consulting and Services'}}],['Management and Manufacturing'],,,,
Politek,POLITEK CAMPINAS LTDA,11.437.031/0001-20,"10,000.00",Até 100 mil,Fabricação de artefatos de material plástico para outros usos não especificados anteriormente,123,51–200,"Porto Alegre, Rio Grande do Sul",[{'job_industry_list': {'industry': 'Industrial Machinery Manufacturing'}}],"['Administrative', 'Sales and Business Development']",,,,
ammo.varejo,AMMO VAREJO S.A. EM RECUPERACAO JUDICIAL,03.494.776/0001-01,"373,271,822.00",100 milhões – 1 bilhão,"Comercio varejista de artigos de cama, mesa e banho",473,201–500,,[{'job_industry_list': {'industry': 'Retail'}}],['Other'],,,,
Openbox2,ELAZA VAREJISTA LTDA,17.249.423/0001-42,"250,000.00",100 mil – 1 milhão,Comércio varejista de móveis,123,51–200,"São Paulo, São Paulo",[{'job_industry_list': {'industry': 'Furniture and Home Furnishings Manufacturing'}}],['Other'],,,,
Azion,AZION PRESTACAO DE SERVICOS EM TECNOLOGIA E TELECOMUNICACOES LTDA.,12.447.998/0001-56,"27,856,747.00",10 – 100 milhões,"Tratamento de dados, provedores de serviços de aplicação e serviços de hospedagem na internet",200,51–200,"Palo Alto, California","[{'job_industry_list': {'industry': 'Technology, Information and Internet'}}]",['Sales and Business Development'],,,,
Industrias San Miguel,INDUSTRIA DE BEBIDAS SAO MIGUEL LTDA,10.516.704/0001-75,"167,697,009.00",100 milhões – 1 bilhão,Fabricação de refrigerantes,1593,1001-5000,"Santiago de Surco, Lima",[{'job_industry_list': {'industry': 'Food and Beverage Services'}}],['Quality Assurance'],,,,
"ei, beleza?",AMAIS SOLUCOES EM COBRANCA LTDA,23.679.934/0001-05,"200,000.00",100 mil – 1 milhão,Atividades de teleatendimento,141,51–200,"Belo Horizonte, Minas Gerais",[{'job_industry_list': {'industry': 'Manufacturing'}}],['Other'],,,,
Amais,TOPICO LOCACOES DE GALPOES E EQUIPAMENTOS PARA INDUSTRIAS S.A,08.259.544/0001-84,"57,377,892.00",10 – 100 milhões,"Aluguel de palcos, coberturas e outras estruturas de uso temporário, exceto andaimes",112,51–200,"Imperatriz, Maranhão",[{'job_industry_list': {'industry': 'Financial Services'}}],['Marketing'],,,,
Tópico,VCI VANGUARD CONFECCOES IMPORTADAS S.A.,00.311.557/0001-43,"18,992,471.00",10 – 100 milhões,"Comércio atacadista de artigos do vestuário e acessórios, exceto profissionais e de segurança",455,201–500,"São Paulo, SP",[{'job_industry_list': {'industry': 'Automation Machinery Manufacturing'}}],['Other'],,,,
Aramis,VIRTUAL 360 TECNOLOGIA S A,34.814.864/0001-69,"15,000,000.00",10 – 100 milhões,"Suporte técnico, manutenção e outros serviços em tecnologia da informação",1516,1001-5000,"São Paulo, SP",[{'job_industry_list': {'industry': 'Retail'}}],['Other'],,,,
V360,SYNVIA LABORATORIOS E TOXICOLOGIA LTDA,07.339.867/0001-15,"15,000,000.00",10 – 100 milhões,Atividade médica ambulatorial com recursos para realização de exames complementares,246,201–500,"Rio de Janeiro, Rio de Janeiro",[{'job_industry_list': {'industry': 'Business Consulting and Services'}}],['Other'],,,,
Synvia,HYPERION EMPREENDIMENTOS E INCORPORACOES S/A,10.576.135/0001-53,"253,000.00",100 mil – 1 milhão,Incorporação de empreendimentos imobiliários,881,501–1000,"Paulínia, São Paulo",[{'job_industry_list': {'industry': 'Wellness and Fitness Services'}}],['Other'],,,,
Hype Empreendimentos,VIA LASER SERVICOS ESTETICOS S.A.,14.440.687/0001-90,"8,622,348.00",1 – 10 milhões,"Comércio atacadista de máquinas, aparelhos e equipamentos para uso odonto-médico-hospitalar; partes e peças",231,201–500,"Curitiba, Paraná",[{'job_industry_list': {'industry': 'Civil Engineering'}}],['Other'],,,,
Vialaser Depilação,CRESCIMENTUM - CONSULTORIA PESSOAL E EMPRESARIAL LTDA.,05.908.886/0001-90,"45,067,469.10",10 – 100 milhões,"Atividades de consultoria em gestão empresarial, exceto consultoria técnica específica",721,501–1000,"Tubarão, SC",[{'job_industry_list': {'industry': 'Personal Care Product Manufacturing'}}],['Other'],,,,
Crescimentum,LEAO ALIMENTOS E BEBIDAS LTDA.,76.490.184/0001-87,"1,092,611,886.00",Acima de 1 bilhão,Comércio atacadista especializado em outros produtos alimentícios não especificados anteriormente,180,51–200,"São Paulo, SP",[{'job_industry_list': {'industry': 'Education Administration Programs'}}],['Other'],,,,
Leão,COOPERATIVA DE CREDITO DE LIVRE ADMISSAO DA REGIAO DO CIRCUITO CAMPOS DAS VERTENTES LTDA,02.232.383/0001-59,0,Até 100 mil,Cooperativas de crédito mútuo,3603,1001-5000,"São Paulo, São Paulo",[{'job_industry_list': {'industry': 'Food and Beverage Manufacturing'}}],['Other'],,,,
Sicoob Copermec,NEON COMERCIAL REAGENTES ANALITICOS LTDA.,00.327.149/0001-80,"1,000,000.00",100 mil – 1 milhão,"Depósitos de mercadorias para terceiros, exceto armazéns gerais e guarda-móveis",253,201–500,"Cláudio, Minas Gerais",[{'job_industry_list': {'industry': 'Financial Services'}}],['Finance'],,,,
Neon Comercial Reagentes Analíticos,SOLINTEL - SOLUCOES INTELIGENTES EM TELECOMUNICACOES LTDA,08.429.293/0001-39,"93,700.00",Até 100 mil,Comércio varejista de livros,79,51–200,"Suzano, São Paulo",[{'job_industry_list': {'industry': 'Chemical Manufacturing'}}],['Other'],,,,
Solintel,BALADAPP LTDA,22.488.257/0001-77,"180,000.00",100 mil – 1 milhão,Serviços de reservas e outros serviços de turismo não especificados anteriormente,123,51–200,"Londrina, Paraná",[{'job_industry_list': {'industry': 'Telecommunications'}}],['Legal'],,,,
BaladAPP,BALADAPP LTDA,22.488.257/0001-77,"180,000.00",100 mil – 1 milhão,Serviços de reservas e outros serviços de turismo não especificados anteriormente,50,11–50,"Goiânia, Goiás",[{'job_industry_list': {'industry': 'Entertainment Providers'}}],['Other'],,,,
Método 12P,12P LTDA,48.137.310/0001-89,"30,000.00",Até 100 mil,Treinamento em desenvolvimento profissional e gerencial,56,51–200,"Santos, SP",[{'job_industry_list': {'industry': 'E-Learning Providers'}}],['Other'],,,,
ImpulseUP,IMPULSEUP TECNOLOGIA LTDA.,46.743.554/0001-80,"100,000.00",Até 100 mil,Consultoria em tecnologia da informação,109,51–200,"Brasília, Distrito Federal",[{'job_industry_list': {'industry': 'Retail'}}],['Sales and Business Development'],,,,
Hospital Albert Einstein,SOCIEDADE BENEF ISRAELITABRAS HOSPITAL ALBERT EINSTEIN,60.765.823/0001-30,0,Até 100 mil,"Atividades de atendimento hospitalar, exceto pronto-socorro e unidades para atendimento a urgências",38331,+10000,"São Paulo, SP",[{'job_industry_list': {'industry': 'Hospitals and Health Care'}}],['Other'],,,,
AGGRANDIZE,AGGRANDIZE SERVICOS DE TECNOLOGIA DA INFORMACAO LTDA,21.932.891/0001-94,"62,125.00",Até 100 mil,Consultoria em tecnologia da informação,112,51–200,,[{'job_industry_list': {'industry': 'Information Technology & Services'}}],['Information Technology'],,,,
Litografia Valença,LITOGRAFIA VALENCA LTDA,02.712.119/0001-12,"5,000,000.00",1 – 10 milhões,Fabricação de embalagens metálicas,656,501–1000,"Inhauma, Rio de Janeiro",[{'job_industry_list': {'industry': 'Primary Metal Manufacturing'}}],[],,,,
PDV QUALITY,PDV WORK PROMOCAO DE VENDAS LTDA,49.067.262/0001-62,"60,000.00",Até 100 mil,Promoção de vendas,380,201–500,"Rio de Janeiro, Rio de Janeiro",[{'job_industry_list': {'industry': 'Advertising Services'}}],['Marketing and Sales'],,,,
RHF Talentos - Unidade Foz do Iguaçu,TL CONSULTORIA EMPRESARIAL LTDA,37.335.534/0001-89,"10,000.00",Até 100 mil,Treinamento em desenvolvimento profissional e gerencial,9,0–10,"Foz do Iguaçu, Paraná",[{'job_industry_list': {'industry': 'Human Resources Services'}}],['Sales and Business Development'],,,,
Join LinkedIn,DEBITT CONTABILIDADE DIGITAL LTDA,42.077.510/0001-07,"26,000.00",Até 100 mil,Atividades de contabilidade,Não encontrado,+10000,Não encontrada,[{'job_industry_list': {'industry': 'Consumer Services'}}],['Supply Chain'],,,,
Debitt Contabilidade,RENTBRELLA BRASIL LTDA,25.020.976/0001-57,"27,178,988.92",10 – 100 milhões,"Agenciamento de espaços para publicidade, exceto em veículos de comunicação",12,11–50,"Fortaleza, Ceará",[{'job_industry_list': {'industry': 'Accounting'}}],['Accounting/Auditing and Finance'],,,,
Rentbrella,PRO-GOODS SOLUCOES EM SAUDE E COMERCIO LTDA,19.094.337/0001-33,"3,788,400.00",1 – 10 milhões,"Comércio varejista de produtos farmacêuticos, sem manipulação de fórmulas",81,51–200,São Paulo,[{'job_industry_list': {'industry': 'Consumer Services'}}],['Education and Training'],,,,
Life Pet Hub,BIANCA PEREIRA BARRETO,33.611.500/0001-19,"2,000.00",Até 100 mil,Comércio varejista de animais vivos e de artigos e alimentos para animais de estimação,65,51–200,"Belo Horizonte , MG",[{'job_industry_list': {'industry': 'Veterinary Services'}}],"['Design, Art/Creative, and Information Technology']",,,,
Gerdau,GERDAU S.A.,33.611.500/0001-19,"24,347,290,800.00",Acima de 1 bilhão,"Produção de laminados longos de aço, exceto tubos",21797,+10000,"São Paulo, São Paulo",[{'job_industry_list': {'industry': 'Mining'}}],['Management and Manufacturing'],,,,
Aliant,ALLIANT TECNOLOGIA LTDA,10.424.252/0001-00,"30,000.00",Até 100 mil,Comércio varejista especializado de equipamentos e suprimentos de informática,158,51–200,"Barueri, São Paulo",[{'job_industry_list': {'industry': 'Business Consulting and Services'}}],['Other'],,,,
Viasoft Korp | Industry ERP,VMS SOLUCOES LTDA,13.284.396/0001-98,"20,000.00",Até 100 mil,Desenvolvimento e licenciamento de programas de computador não-customizáveis,81,51–200,"Curitiba, Paraná",[{'job_industry_list': {'industry': 'Consumer Services'}}],['Other'],,,,
green4T,GREEN4T SOLUCOES TI LTDA,03.698.620/0001-34,"30,374,717.00",10 – 100 milhões,Outras obras de instalações em construções não especificadas anteriormente,625,501–1000,São Paulo,[{'job_industry_list': {'industry': 'IT Services and IT Consulting'}}],['Other'],,,,
Sinco,SINCO - SISTEMA INTEGRADO DE COMPRAS LTDA,03.799.666/0001-40,"10,000.00",Até 100 mil,"Representantes comerciais e agentes do comércio de produtos alimentícios, bebidas e fumo",440,201–500,"São Paulo, SP",[{'job_industry_list': {'industry': 'Civil Engineering'}}],['Other'],,,,
Alqia,ALQIA ADMINISTRADORA DE CENTROS COMERCIAIS LTDA,07.910.126/0001-42,"1,079,664.00",1 – 10 milhões,Gestão e administração da propriedade imobiliária,412,201–500,"São Paulo, SP",[{'job_industry_list': {'industry': 'Consumer Services'}}],['Other'],,,,
Caloi,CALOI NORTE SA,04.301.024/0001-31,"619,429,040.46",100 milhões – 1 bilhão,"Fabricação de bicicletas e triciclos não-motorizados, peças e acessórios",726,501–1000,"São Paulo, SP",[{'job_industry_list': {'industry': 'Automation Machinery Manufacturing'}}],['Other'],,,,
Hcor,ASSOCIACAO BENEFICENTE SIRIA,60.453.024/0003-90,0,Até 100 mil,"Atividades de atendimento hospitalar, exceto pronto-socorro e unidades para atendimento a urgências",3228,1001-5000,"São Paulo, SP",[{'job_industry_list': {'industry': 'Wellness and Fitness Services'}}],['Health Care Provider'],,,,
Bionexo,BIONEXO S.A.,04.069.709/0001-02,"232,993,557.37",100 milhões – 1 bilhão,Desenvolvimento e licenciamento de programas de computador customizáveis,516,501–1000,"São Paulo, SP",[{'job_industry_list': {'industry': 'IT Services and IT Consulting'}}],['Other'],,,,
B3,"B3 S.A. - BRASIL, BOLSA, BALCAO",09.346.601/0001-25,"12,548,655,563.88",Acima de 1 bilhão,Bolsa de mercadorias e futuros,4615,1001-5000,"São Paulo, São Paulo",[{'job_industry_list': {'industry': 'Financial Services'}}],['Management and Manufacturing'],,,,
RenovaBR,ASSOCIACAO RENOVA BR,29.268.394/0001-45,0,Até 100 mil,Atividades associativas não especificadas anteriormente,88,51–200,"São Paulo, SP",[{'job_industry_list': {'industry': 'Education Administration Programs'}}],['Education and Training'],,,,
Mtrix,M-TRIX TECNOLOGIA E SERVICOS DE MARKETING S.A,12.363.700/0001-20,"100,000.00",Até 100 mil,Pesquisas de mercado e de opinião pública,184,51–200,"São Paulo, SP",[{'job_industry_list': {'industry': 'Market Research'}}],['Other'],,,,
Conta Simples,CONTA SIMPLES SOLUCOES DE PAGAMENTOS LTDA,32.273.196/0001-84,"141,229,231.00",100 milhões – 1 bilhão,Outras atividades de serviços prestados principalmente às empresas não especificadas anteriormente,326,201–500,"Brooklin / São Paulo, SP",[{'job_industry_list': {'industry': 'Banking'}}],['Other'],,,,
Medprev,MEDPREV.ONLINE SOLUCOES LTDA,19.258.530/0001-62,"100,000.00",Até 100 mil,Serviços combinados de escritório e apoio administrativo,422,201–500,"Curitiba, Paraná",[{'job_industry_list': {'industry': 'Hospitals and Health Care'}}],['Customer Service'],,,,
Radek Systems,RADEK SISTEMAS DE INFORMACAO LTDA,09.062.037/0001-19,"50,000.00",Até 100 mil,Desenvolvimento de programas de computador sob encomenda,46,11–50,"Curitiba, Paraná",[{'job_industry_list': {'industry': 'IT Services and IT Consulting'}}],['Information Technology'],,,,
Multiloja,HORFRAN - COMERCIAL ELETRO MOVEIS LTDA,02.869.763/0001-07,"21,224,850.00",10 – 100 milhões,Comércio varejista de móveis,429,201–500,"Curitiba, Paraná",[{'job_industry_list': {'industry': 'Retail'}}],['Finance'],,,,
GrupoOrion,ORION ENGENHARIA E TECNOLOGIA S/A,01.011.976/0001-22,"5,000,000.00",1 – 10 milhões,Construção de edifícios,337,201–500,"Brasília, Distrito Federal",[{'job_industry_list': {'industry': 'IT Services and IT Consulting'}}],['Engineering'],,,,
VIK Tech,VIKTECH S.A.,33.071.116/0001-70,"1,000,000.00",100 mil – 1 milhão,Fornecimento e gestão de recursos humanos para terceiros,327,201–500,"São Paulo, São Paulo",[{'job_industry_list': {'industry': 'Human Resources Services'}}],"['General Business, Management, and Business Development']",,,,
Michelc Assessoria Contábil,MICHELC CONTABILIDADE LTDA,11.328.706/0001-01,"20,000.00",Até 100 mil,Atividades de contabilidade,42,11–50,,[{'job_industry_list': {'industry': 'Accounting'}}],['Accounting/Auditing and Finance'],,,,
Deltec Equipamentos Industriais,DELTEC EQUIPAMENTOS INDUSTRIAIS LIMITADA,55.915.516/0001-58,"5,676,190.00",1 – 10 milhões,"Fabricação de estufas e fornos elétricos para fins industriais, peças e acessórios",235,201–500,,[{'job_industry_list': {'industry': 'Machinery Manufacturing'}}],['Management and Manufacturing'],,,,
TPC Logística Inteligente,TPC LOGISTICA SUDESTE S.A,01.544.197/0001-92,"22,320,532.00",10 – 100 milhões,Organização logística do transporte de carga,5330,5001-10000,"São Paulo, São Paulo","[{'job_industry_list': {'industry': 'Transportation, Logistics, Supply Chain and Storage'}}]",['Other'],,,,
Resid Club & Hotels,INSULA DE BUZIOS EMPS HOTELEIROS E TURISTICOS LTDA,27.677.392/0002-65,"7,198,940.00",1 – 10 milhões,Hotéis,58,51–200,"São Paulo, São Paulo",[{'job_industry_list': {'industry': 'Hospitality'}}],['Administrative'],,,,
Indorama Ventures: Indovinya,ULTRAPAR PARTICIPACOES S/A,33.256.439/0001-39,"6,621,751,608.08",Acima de 1 bilhão,Holdings de instituições não-financeiras,1541,1001-5000,"The Woodlands, Texas",[{'job_industry_list': {'industry': 'Chemical Manufacturing'}}],['Engineering and Information Technology'],,,,
INTERA | Talent Hacking,INTERA TALENT HACKING RECRUTAMENTO LTDA,33.434.173/0001-77,"10,000.00",Até 100 mil,Treinamento em desenvolvimento profissional e gerencial,140,51–200,"Salvador, Bahia","[{'job_industry_list': {'industry': 'Retail, IT Services and IT Consulting, and Software Development'}}]",['Information Technology and Engineering'],,,,
trinks.com,TRINKS SERVICOS DE INTERNET SA,73.499.238/0001-87,"4,577,733.00",1 – 10 milhões,"Tratamento de dados, provedores de serviços de aplicação e serviços de hospedagem na internet",158,51–200,"Rio de Janeiro, RJ",[{'job_industry_list': {'industry': 'IT Services and IT Consulting'}}],['Marketing and Sales'],,,,
Cortex,CORTEX INTELLIGENCE TECNOLOGIA LTDA,06.068.735/0001-33,"321,199,528.00",100 milhões – 1 bilhão,Desenvolvimento de programas de computador sob encomenda,415,201–500,"São Paulo, SP",[{'job_industry_list': {'industry': 'Software Development'}}],['Education and Training'],,,,
Kryptus Information Security SA (EED),KRYPTUS SEGURANCA DA INFORMACAO S.A.,05.761.098/0001-13,"474,830.00",100 mil – 1 milhão,Comércio varejista especializado de equipamentos e suprimentos de informática,159,51–200,"Campinas, São Paulo",[{'job_industry_list': {'industry': 'IT Services and IT Consulting'}}],['Engineering and Information Technology'],,,,
Ademicon,ADEMICON ADMINISTRADORA DE CONSORCIOS S/A,84.911.098/0001-29,"27,976,705.50",10 – 100 milhões,Administração de consórcios para aquisição de bens e direitos,4592,1001-5000,"Curitiba, Paraná",[{'job_industry_list': {'industry': 'Financial Services'}}],['Administrative'],,,,
frete.com,FRETES.COM LTDA,17.056.310/0001-20,"10,000.00",Até 100 mil,********,223,201–500,"São Paulo, São Paulo","[{'job_industry_list': {'industry': 'Technology, Information and Internet'}}]",['Information Technology'],,,,
Leega,LEEGA CONSULTORIA & INFORMATICA LTDA,12.320.788/0001-00,"250,000.00",100 mil – 1 milhão,Consultoria em tecnologia da informação,354,201–500,"São Paulo, SP",[{'job_industry_list': {'industry': 'IT Services and IT Consulting'}}],['Other'],,,,
JHSF,JHS F PARTICIPACOES S.A.,08.294.224/0001-65,"1,877,134,488.52",Acima de 1 bilhão,Holdings de instituições não-financeiras,3307,1001-5000,"São Paulo, SP",[{'job_industry_list': {'industry': 'Real Estate'}}],['Other'],,,,
Unimed Teresina,UNIMED TERESINA COOPERATIVA DE TRABALHO MEDICO,07.241.136/0001-32,"584,597.00",100 mil – 1 milhão,Planos de saúde,935,501–1000,"Teresina, Piauí",[{'job_industry_list': {'industry': 'Wellness and Fitness Services'}}],['Other'],,,,
market4u,MARKET4U MERCADO AUTONOMO LTDA,30.296.675/0001-90,"2,110,990.00",1 – 10 milhões,"Comércio varejista de mercadorias em geral, com predominância de produtos alimentícios - minimercados, mercearias e armazéns",415,201–500,"Curitiba, Paraná",[{'job_industry_list': {'industry': 'Retail'}}],['Other'],,,,
Avenue,AVENUE SECURITIES DTVM LTDA.,61.384.004/0001-05,"66,531,361.00",10 – 100 milhões,Distribuidoras de títulos e valores mobiliários,871,501–1000,"São Paulo, SP","[{'job_industry_list': {'industry': 'Investment Banking, Financial Services, and Banking'}}]","['Information Technology, Finance, and Engineering']",,,,
Egali Intercâmbio,EGALI INTERCAMBIO LTDA,08.777.465/0001-65,"249,586.00",100 mil – 1 milhão,Agências de viagens,542,501–1000,"Porto Alegre, RS",[{'job_industry_list': {'industry': 'Travel Arrangements'}}],['Accounting/Auditing and Finance'],,,,
Oficina Conectada,G7 EDITORA E SISTEMAS GERENCIAIS LTDA,27.748.486/0001-05,"1,000,000.00",100 mil – 1 milhão,Edição de livros,46,11–50,"Belo Horizonte, Minas Gerais",[{'job_industry_list': {'industry': 'Software Development'}}],['Customer Service'],,,,
Onnitech,ONNITECH BRASIL LTDA,18.974.811/0001-59,"18,622,925.00",10 – 100 milhões,Consultoria em tecnologia da informação,61,51–200,São Paulo,[{'job_industry_list': {'industry': 'IT Services and IT Consulting'}}],['Quality Assurance'],,,,
Maminfo,MAMINFO SOLUCOES E SERVICOS EM TECNOLOGIA S.A.,03.938.483/0001-68,"1,000,000.00",100 mil – 1 milhão,Comércio varejista especializado de equipamentos e suprimentos de informática,413,201–500,"Campinas, São Paulo",[{'job_industry_list': {'industry': 'Telecommunications'}}],['Administrative'],,,,
Salú,"SAUDE DIGITAL TECNOLOGIA, CONSULTORIA E CORRETAGEM DE SEGUROS LTDA.",36.503.494/0001-74,"1,000.00",Até 100 mil,Atividade médica ambulatorial restrita a consultas,363,201–500,São Paulo,[{'job_industry_list': {'industry': 'Health and Human Services'}}],['Legal'],,,,
Delta DRH,DELTA RECRUTAMENTO SELECAO E TREINAMENTO LTDA,37.263.363/0001-20,"1,000.00",Até 100 mil,Treinamento em desenvolvimento profissional e gerencial,7,0–10,"NOVA ODESSA, SP",[{'job_industry_list': {'industry': 'Human Resources Services'}}],['Other'],,,,
Ecglobal Business,ECGLOBALPANEL BRASIL MARKETING E TECNOLOGIA LTDA,10.446.493/0001-41,"530,000.00",100 mil – 1 milhão,Consultoria em publicidade,101,51–200,"Miami Beach, FL",[{'job_industry_list': {'industry': 'Information Technology & Services'}}],['Research'],,,,
Huntington Medicina Reprodutiva,HUNTINGTON CENTRO DE MEDICINA REPRODUTIVA S.A.,00.655.037/0001-58,"22,900,719.00",10 – 100 milhões,Atividades de reprodução humana assistida,247,201–500,"Sao Paulo, São Paulo",[{'job_industry_list': {'industry': 'Hospitals and Health Care'}}],['Administrative'],,,,
Impacto Automação,IMPACTO AUTOMACAO LTDA,12.187.684/0001-61,"30,000.00",Até 100 mil,Comércio varejista especializado de equipamentos e suprimentos de informática,27,11–50,"Vitoria, Espirito Santo",[{'job_industry_list': {'industry': 'IT Services and IT Consulting'}}],['Sales and Business Development'],,,,
Zebrands,ZEBRANDS COMERCIAL LTDA.,42.418.313/0001-04,"24,848,450.00",10 – 100 milhões,Comércio varejista de artigos de colchoaria,415,201–500,"Ciudad de Mexico, CDMX",[{'job_industry_list': {'industry': 'Retail Recyclable Materials & Used Merchandise'}}],['Sales and Business Development'],,,,
Fenix Nefrologia,FENIX SERVICOS MEDICOS LTDA,01.274.856/0001-18,"1,795.00",Até 100 mil,Serviços de diálise e nefrologia,129,51–200,"São Paulo, SP",[{'job_industry_list': {'industry': 'Hospitals and Health Care'}}],"['Other, Information Technology, and Management']",,,,
Combrasil,COMBRASIL ALIMENTOS S.A.,01.022.318/0001-36,"58,112,000.00",10 – 100 milhões,Serviços combinados de escritório e apoio administrativo,150,51–200,"São José dos Campos, São Paulo",[{'job_industry_list': {'industry': 'Food and Beverage Services'}}],['Sales'],,,,
Empiricus,EMPIRICUS RESEARCH PUBLICACOES S.A.,11.431.155/0001-07,"231,342,566.00",100 milhões – 1 bilhão,Edição de revistas,272,201–500,"São Paulo, SP",[{'job_industry_list': {'industry': 'Book and Periodical Publishing'}}],"['Finance, Customer Service, and Education']",,,,
Ayvens,ALD AUTOMOTIVE S.A.,07.563.781/0001-71,"364,164,739.00",100 milhões – 1 bilhão,Locação de automóveis sem condutor,9116,5001-10000,,[{'job_industry_list': {'industry': 'Financial Services'}}],['Management and Manufacturing'],,,,
Roeslein & Associates,ROESLEIN BRASIL FABRICACAO DE EQUIPAMENTOS INDUSTRIAIS LTDA,35.828.163/0001-41,"13,789,038.00",10 – 100 milhões,Comércio atacadista de máquinas e equipamentos para uso industrial; partes e peças,579,501–1000,"St. Louis, MO",[{'job_industry_list': {'industry': 'Construction and Industrial Machinery Manufacturing'}}],['Business Development'],,,,
popeyes,ZAMP S.A.,13.574.594/0001-96,"1,911,068,419.57",Acima de 1 bilhão,"Lanchonetes, casas de chá, de sucos e similares",3999,1001-5000,,[{'job_industry_list': {'industry': 'Utilities'}}],['Sales and Business Development'],,,,
Vórtx,VORTX DISTRIBUIDORA DE TITULOS E VALORES MOBILIARIOS LTDA,22.610.500/0001-88,"8,688,388.00",1 – 10 milhões,Distribuidoras de títulos e valores mobiliários,300,201–500,"São Paulo, SP",[{'job_industry_list': {'industry': 'Financial Services'}}],['Accounting/Auditing and Finance'],,,,
Mycon,COIMEX ADMINISTRADORA DE CONSORCIOS S.A,27.268.770/0001-76,"56,814,700.00",10 – 100 milhões,Administração de consórcios para aquisição de bens e direitos,188,51–200,"São Paulo, São Paulo",[{'job_industry_list': {'industry': 'Banking'}}],['Other'],,,,
Smarthis,SMARTHIS CONSULTORIA EM TECNOLOGIA DA INFORMACAO LTDA,29.862.205/0001-68,"10,000.00",Até 100 mil,"Suporte técnico, manutenção e outros serviços em tecnologia da informação",159,51–200,"Rio de Janeiro, Rio de Janeiro",[{'job_industry_list': {'industry': 'IT Services and IT Consulting'}}],['Other'],,,,
Terral Incorporadora,TERRAL INCORPORACOES E PARTICIPACOES LTDA,13.070.562/0001-53,"81,289,498.00",10 – 100 milhões,Atividades de consultoria em gestão empresarial,300,201–500,"Goiânia, GO",[{'job_industry_list': {'industry': 'Retail'}}],['Other'],,,,
Amend Cosméticos,AMEND COSMETICOS INDUSTRIA E COMERCIO LTDA,69.258.630/0001-67,0,Até 100 mil,********,479,201–500,"São Paulo, SP",[{'job_industry_list': {'industry': 'Retail'}}],['Other'],,,,
Cimento Apodi,COMPANHIA INDUSTRIAL DE CIMENTO APODI,10.260.249/0001-90,"603,884,027.75",100 milhões – 1 bilhão,Fabricação de cimento,601,501–1000,"Fortaleza, Ceara",[{'job_industry_list': {'industry': 'Construction'}}],['Other'],,,,
Safira Holding,SAFIRA HOLDING S.A,13.522.948/0001-59,"62,879,277.64",10 – 100 milhões,Holdings de instituições não-financeiras,280,201–500,"Barueri, São Paulo","[{'job_industry_list': {'industry': 'Appliances, Electrical, and Electronics Manufacturing'}}]",['Other'],,,,
Perbras,PERBRAS EMPRESA BRASILEIRA DE PERFURACOES LTDA,15.126.451/0001-47,"30,009,016.00",10 – 100 milhões,Atividades de apoio à extração de petróleo e gás natural,3347,1001-5000,"Catu,  Bahia",[{'job_industry_list': {'industry': 'Oil and Gas'}}],['Engineering and Information Technology'],,,,
Jobs,JOBS TECNOLOGIA LTDA,37.621.654/0001-42,"60,000.00",Até 100 mil,********,41,11–50,"Curitiba, Paraná",[{'job_industry_list': {'industry': 'Advertising Services'}}],['Human Resources'],,,,
Fitting,FITTING LTDA,40.840.275/0001-58,"1,000.00",Até 100 mil,Seleção e agenciamento de mão-de-obra,4,0–10,"Balneário Camboriú, Santa Catarina",[{'job_industry_list': {'industry': 'Business Consulting and Services'}}],['Administrative'],,,,
Drogaria Venancio,VENANCIO PRODUTOS FARMACEUTICOS LTDA.,00.285.753/0001-90,"305,970,312.00",100 milhões – 1 bilhão,"Comércio varejista de produtos farmacêuticos, sem manipulação de fórmulas",3545,1001-5000,"Rio de Janeiro, RJ",[{'job_industry_list': {'industry': 'Retail'}}],['Other'],,,,
Óticas Gassi,LUNETTES OPTICAL LTDA,41.880.818/0001-23,"5,000,000.00",1 – 10 milhões,Comércio varejista de artigos de óptica,617,501–1000,"São Paulo, São Paulo",[{'job_industry_list': {'industry': 'Retail'}}],['Legal'],,,,
Fretadão,FRETADAO TECNOLOGIA S.A.,24.672.366/0001-75,"21,037,466.00",10 – 100 milhões,"Atividades de intermediação e agenciamento de serviços e negócios em geral, exceto imobiliários",190,51–200,"São Paulo, São Paulo",[{'job_industry_list': {'industry': 'IT Services and IT Consulting'}}],['Marketing and Sales'],,,,
VR,VR BENEFICIOS E SERVICOS DE PROCESSAMENTO S.A,02.535.864/0001-33,"449,185,840.46",100 milhões – 1 bilhão,"Emissão de vales-alimentação, vales-transporte e similares",2114,1001-5000,"São Paulo, São Paulo",[{'job_industry_list': {'industry': 'IT Services and IT Consulting'}}],['Management and Manufacturing'],,,,
ClickBus,BUS SERVICOS DE AGENDAMENTO S.A.,17.289.475/0001-42,"43,417,145.41",10 – 100 milhões,Serviços de reservas e outros serviços de turismo não especificados anteriormente,233,201–500,"São Paulo, São Paulo",[{'job_industry_list': {'industry': 'Travel Arrangements'}}],['Other'],,,,
Magis5,MG5 INOVACAO E TECNOLOGIA LTDA,32.597.302/0001-85,"7,952,885.00",1 – 10 milhões,Desenvolvimento e licenciamento de programas de computador não-customizáveis,114,51–200,"Rio Claro, São Paulo",[{'job_industry_list': {'industry': 'IT Services and IT Consulting'}}],['Engineering and Information Technology'],,,,
Ume,UME DESENVOLVIMENTO DE SOFTWARE LTDA,29.311.808/0001-71,"105,670,270.00",100 milhões – 1 bilhão,Correspondentes de instituições financeiras,309,201–500,"São Paulo, São Paulo",[{'job_industry_list': {'industry': 'Financial Services'}}],"['Administrative', 'Sales and Management']",,,,
Alife Nino,Não encontrado,35.962.527/0001-00,Não encontrado,Acima de 1 bilhão,Não encontrado,408,201–500,"São Paulo, São Paulo",[{'job_industry_list': {'industry': 'Consumer Services'}}],['Management and Manufacturing'],,,,
Dattos,DATTOS S.A.,12.962.907/0001-10,"22,505,833.00",10 – 100 milhões,"Suporte técnico, manutenção e outros serviços em tecnologia da informação",91,51–200,"São Paulo, São Paulo",[{'job_industry_list': {'industry': 'Information Technology & Services'}}],['Information Technology'],,,,
Rinen,RINEN - INDUSTRIA E COMERCIO DE PRODUTOS QUIMICOS LTDA.,64.170.582/0001-37,"500,000.00",100 mil – 1 milhão,Fabricação de outros produtos químicos não especificados anteriormente,71,51–200,"Saltinho, São Paulo",[{'job_industry_list': {'industry': 'Chemical Manufacturing'}}],['Administrative'],,,,
Mobiis,MOBIIS SERVICOS DE TECNOLOGIA E PARTICIPACOES S.A.,51.733.149/0001-10,"53,807,960.00",10 – 100 milhões,Consultoria em tecnologia da informação,122,51–200,"Campinas, São Paulo",[{'job_industry_list': {'industry': 'Financial Services'}}],['Finance'],,,,
Cliniconect,CLINICONECT SOLUCOES TECNOLOGICAS LTDA,31.162.567/0001-98,"10,000.00",Até 100 mil,Desenvolvimento de programas de computador sob encomenda,7,0–10,"Londrina, Paraná",[{'job_industry_list': {'industry': 'IT Services and IT Consulting'}}],['Sales and Business Development'],,,,
PACCO,LINEUP IMPORTACAO E DISTRIBUICAO SA,17.132.988/0001-45,"450,000.00",100 mil – 1 milhão,"Comércio atacadista de mercadorias em geral, sem predominância de alimentos ou de insumos agropecuários",175,51–200,"Barueri, SP",[{'job_industry_list': {'industry': 'Manufacturing'}}],['Other'],,,,
Tecnofit,TECNOFIT TECNOLOGIA E SISTEMAS S/A,21.231.459/0001-76,"27,560.00",Até 100 mil,Desenvolvimento de programas de computador sob encomenda,141,51–200,"Curitiba, Paraná",[{'job_industry_list': {'industry': 'IT Services and IT Consulting'}}],['Other'],,,,
HTB,HTB ENGENHARIA E CONSTRUCAO S.A.,61.037.537/0001-10,"49,799,244.00",10 – 100 milhões,Construção de edifícios,1555,1001-5000,"São Paulo, SP",[{'job_industry_list': {'industry': 'Construction'}}],['Other'],,,,
BDO Brazil,BDO RCS AUDITORES ASSOCIADOS LTDA,61.065.819/0001-21,"100,000.00",Até 100 mil,Atividades de consultoria e auditoria contábil e tributária,1720,1001-5000,"SP, São Paulo",[{'job_industry_list': {'industry': 'Accounting and Human Resources Services'}}],['Administrative and Customer Service'],,,,
Nutriex,NUTRIEX INDUSTRIA DE COSMETICOS LTDA,15.058.160/0001-69,"1,109,690.00",1 – 10 milhões,"Fabricação de cosméticos, produtos de perfumaria e de higiene pessoal",453,201–500,"Goiânia, Goiás",[{'job_industry_list': {'industry': 'Automation Machinery Manufacturing'}}],['Other'],,,,
who.,BRT TECNOLOGIA E SISTEMAS LTDA,00.182.213/0001-81,"3,092,000.00",1 – 10 milhões,Consultoria em tecnologia da informação,1245,1001-5000,"Belo Horizonte, Minas Gerais",[{'job_industry_list': {'industry': 'IT Services and IT Consulting'}}],['Information Technology'],,,,
Magnetron Motos,MAGNETRON INDUSTRIA E COMERCIO DE COMPONENTES LTDA,11.493.623/0001-60,"23,010,000.00",10 – 100 milhões,"Fabricação de material elétrico e eletrônico para veículos automotores, exceto baterias",135,51–200,"São José dos Pinhais, Paraná",[{'job_industry_list': {'industry': 'Automotive'}}],['Management and Manufacturing'],,,,
Join LinkedIn,ELETROMIDIA S.A.,09.347.516/0001-81,"257,809,216.48",100 milhões – 1 bilhão,"Agenciamento de espaços para publicidade, exceto em veículos de comunicação",Não encontrado,+10000,Não encontrada,[{'job_industry_list': {'industry': 'Education Administration Programs'}}],['Other'],,,,
Eletromidia,FACELL COMERCIO DE CELULARES LTDA,07.366.109/0001-96,"1,000,000.00",100 mil – 1 milhão,Comércio varejista especializado de equipamentos de telefonia e comunicação,868,501–1000,,[{'job_industry_list': {'industry': 'Public Relations and Communications Services'}}],['Other'],,,,
TIM (Facell),FACELL COMERCIO DE CELULARES LTDA,07.366.109/0001-96,"1,000,000.00",100 mil – 1 milhão,Comércio varejista especializado de equipamentos de telefonia e comunicação,229,201–500,"Natal, RN",[{'job_industry_list': {'industry': 'Telecommunications'}}],['Other'],,,,
Gabriel,GABRIEL TECNOLOGIA LTDA,35.996.604/0001-14,"139,415,761.00",100 milhões – 1 bilhão,Desenvolvimento e licenciamento de programas de computador customizáveis,424,201–500,"Rio de Janeiro, RJ",[{'job_industry_list': {'industry': 'Consumer Services'}}],['Other'],,,,
SYN,SYN PROP E TECH S.A.,08.801.621/0001-86,"903,313,371.00",100 milhões – 1 bilhão,Incorporação de empreendimentos imobiliários,274,201–500,"São Paulo, SP",[{'job_industry_list': {'industry': 'Consumer Services'}}],['Other'],,,,
Privacy,COELHO AGENCIA LTDA,48.771.270/0001-22,"10,000.00",Até 100 mil,"Agenciamento de espaços para publicidade, exceto em veículos de comunicação",227,201–500,"São Paulo, São Paulo",[{'job_industry_list': {'industry': 'Advertising Services'}}],['Finance and Sales'],,,,
Tecidos Kite,KITE TEXTIL LTDA,05.209.640/0001-20,"100,000.00",Até 100 mil,"Confecção de peças do vestuário, exceto roupas íntimas e as confeccionadas sob medida",93,51–200,"Sao Paulo, SP",[{'job_industry_list': {'industry': 'Retail Apparel and Fashion'}}],['Marketing and Sales'],,,,
Falconi,FALCONI CONSULTORES S.A.,05.485.279/0001-64,"81,134,175.70",10 – 100 milhões,"Atividades de consultoria em gestão empresarial, exceto consultoria técnica específica",1347,1001-5000,"São Paulo, São Paulo",[{'job_industry_list': {'industry': 'Business Consulting and Services'}}],['Marketing and Sales'],,,,
Seguranca Tratex,SEGURANCA TRATEX LTDA,20.402.046/0001-44,"966,879.00",100 mil – 1 milhão,Atividades de vigilância e segurança privada,10,0–10,,[{'job_industry_list': {'industry': 'Security and Investigations'}}],['Other'],,,,