Empresa,Razão Social,CNPJ,Capital Social,Intervalo de capital,Segmento,Funcionários,Intervalo de Funcionários,Localização,job_industry_collection,Linkedin,job_functions_collection,Unique Segmento,Contagem de Segmento,Top Segmentos,
Sicredi,CONFEDERACAO DAS COOPERATIVAS DO SICREDI - CONFEDERACAO SICREDI,03.795.072/0001-60,0.00,Até 100 mil,Serviços combinados de escritório e apoio administrativo,"19,636.00",+10000,"Porto Alegre, Rio Grande do Sul",[{'job_industry_list': {'industry': 'Financial Services'}}],https://www.linkedin.com/company/sicredi,['Sales and Business Development'],Serviços combinados de escritório e apoio administrativo,5,********,254
3tentos,TRES TENTOS AGROINDUSTRIAL S/A,94.813.102/0001-70,"1,565,586,775.75",Acima de 1 bilhão,Comércio atacadista de cereais e leguminosas beneficiados,"1,334.00",1001-5000,"Santa Barbara do Sul, Rio Grande do Sul",[{'job_industry_list': {'industry': 'Farming'}}],https://www.linkedin.com/company/3tentosagro,['Management and Manufacturing'],Comércio atacadista de cereais e leguminosas beneficiados,1,Desenvolvimento e licenciamento de programas de computador não-customizáveis,13
FIERGS,CONDOMINIO INSTITUCIONAL DO SISTEMA FIERGS,03.505.886/0001-13,0.00,Até 100 mil,Condomínios prediais,"1,064.00",1001-5000,"Porto Alegre, Rio Grande do Sul",[{'job_industry_list': {'industry': 'Civic and Social Organizations'}}],https://www.linkedin.com/company/fiergs,['Management and Manufacturing'],Condomínios prediais,1,Holdings de instituições não-financeiras,13
Grupo Dass,DASS SUL CALCADOS E ARTIGOS ESPORTIVOS LTDA,81.786.121/0001-02,"143,000,000.00",100 milhões – 1 bilhão,"Confecção de peças de vestuário, exceto roupas íntimas e as confeccionadas sob medida","7,369.00",5001-10000,"Ivoti, Rio Grande do Sul",[{'job_industry_list': {'industry': 'Sporting Goods Manufacturing'}}],https://www.linkedin.com/company/grupodass,['Administrative'],"Confecção de peças de vestuário, exceto roupas íntimas e as confeccionadas sob medida",2,Desenvolvimento e licenciamento de programas de computador customizáveis,13
IPM Sistemas,IPM SISTEMAS LTDA,01.258.027/0001-41,"1,000,000.00",100 mil – 1 milhão,"Portais, provedores de conteúdo e outros serviços de informação na internet",671.00,501–1000,"Florianópolis, SC",[{'job_industry_list': {'industry': 'Computer and Network Security'}}],https://www.linkedin.com/company/ipmsistemas,['Administrative'],"Portais, provedores de conteúdo e outros serviços de informação na internet",3,Treinamento em desenvolvimento profissional e gerencial,11
União Distribuidora de Bebidas Ltda,UNIAO DISTRIBUIDORA DE BEBIDAS LTDA,89.236.988/0001-04,"1,014,400.00",1 – 10 milhões,"Comércio atacadista de cerveja, chope e refrigerante",93.00,51–200,"Ijuí, Rio Grande do Sul",[{'job_industry_list': {'industry': 'Retail'}}],https://www.linkedin.com/company/uniaobebidas,['Sales and Business Development'],"Comércio atacadista de cerveja, chope e refrigerante",2,Atividades de contabilidade,8
Mecasul Auto Mecânica S/A,MECASUL AUTO MECANICA SA,88.616.776/0001-81,"70,000,000.00",10 – 100 milhões,Comércio por atacado de caminhões novos e usados,223.00,201–500,"Caxias do Sul, Rio Grande do Sul",[{'job_industry_list': {'industry': 'Motor Vehicle Manufacturing'}}],https://www.linkedin.com/company/mecasul,['Administrative'],Comércio por atacado de caminhões novos e usados,1,Desenvolvimento de programas de computador sob encomenda,8
VML,VML BRASIL PROPAGANDA LTDA,58.456.336/0001-43,"71,095,822.00",10 – 100 milhões,Agências de publicidade,"33,305.00",+10000,"New York, New York",[{'job_industry_list': {'industry': 'Advertising Services'}}],https://www.linkedin.com/company/vml,['Information Technology'],Agências de publicidade,4,Seleção e agenciamento de mão-de-obra,7
Sesc Santa Catarina,SERVICO SOCIAL DO COMERCIO - SESC AR/SC,03.603.595/0001-68,0.00,Até 100 mil,Serviços de assistência social sem alojamento,876.00,501–1000,"Florianópolis, Santa Catarina",[{'job_industry_list': {'industry': 'Civic and Social Organizations'}}],https://www.linkedin.com/company/sesc-sc,"['Other, Information Technology, and Management']",Serviços de assistência social sem alojamento,3,Consultoria em tecnologia da informação,7
Gazin,GAZIN INDUSTRIA E COMERCIO DE MOVEIS E ELETRODOMESTICOS S.A,77.941.490/0001-55,"1,500,000,000.00",Acima de 1 bilhão,Comércio varejista especializado de eletrodomésticos e equipamentos de áudio e vídeo,"4,149.00",1001-5000,"Douradina, Paraná",[{'job_industry_list': {'industry': 'Retail'}}],https://www.linkedin.com/company/gazin,"['Design, Art/Creative, and Information Technology']",Comércio varejista especializado de eletrodomésticos e equipamentos de áudio e vídeo,2,Serviços combinados de escritório e apoio administrativo,5
Refuturiza,REFUTURIZA EMPREENDIMENTO EDUCACIONAL S.A,29.490.639/0001-84,"1,200,000.00",1 – 10 milhões,Treinamento em desenvolvimento profissional e gerencial,91.00,51–200,"Ipatinga, Minas Gerais",[{'job_industry_list': {'industry': 'Education Administration Programs'}}],https://www.linkedin.com/company/refuturiza,"['Administrative', 'Marketing and Sales']",Treinamento em desenvolvimento profissional e gerencial,11,Comércio varejista de artigos do vestuário e acessórios,5
Hummanos Consultoria em RH,HUMMANOS CONSULTORIA EM RH LTDA,25.391.834/0001-04,"10,000.00",Até 100 mil,Treinamento em desenvolvimento profissional e gerencial,9.00,0–10,"Uberlândia, Minas Gerais",[{'job_industry_list': {'industry': 'Human Resources Services'}}],https://www.linkedin.com/company/hummanos-cursos-consultoria-rh,['Management and Manufacturing'],Planos de saúde,1,Agências de publicidade,4
Unimed Serra Gaucha,UNIMED SERRA GAUCHA/RS COOPERATIVA DE ASSISTENCIA A SAUDE LTDA,87.827.689/0001-00,0.00,Até 100 mil,Planos de saúde,"1,386.00",1001-5000,"Caxias do Sul, RS",[{'job_industry_list': {'industry': 'Hospitals and Health Care'}}],https://www.linkedin.com/company/unimedserragaucha,['Health Care Provider'],Fabricação de alimentos para animais,2,Atividades de teleatendimento,4
Salus Nutrição Animal,SALUS COMERCIO DE PRODUTOS DE SAUDE E NUTRICAO ANIMAL S.A.,12.459.961/0001-48,"72,000,000.00",10 – 100 milhões,Fabricação de alimentos para animais,112.00,51–200,"Santo Antonio de Posse, SP",[{'job_industry_list': {'industry': 'Veterinary Services'}}],https://www.linkedin.com/company/salusnutricaoanimal,['Information Technology'],Comércio por atacado de peças e acessórios novos para veículos automotores,3,"Atividades de intermediação e agenciamento de serviços e negócios em geral, exceto imobiliários",4
Testato,TESTATO SERVICOS TECNICOS LTDA,05.026.648/0001-50,"5,850,000.00",1 – 10 milhões,Comércio por atacado de peças e acessórios novos para veículos automotores,227.00,201–500,"Nova Lima, Minas Gerais",[{'job_industry_list': {'industry': 'Wholesale Import and Export'}}],https://www.linkedin.com/company/testato,['Other'],Desenvolvimento e licenciamento de programas de computador não-customizáveis,13,"Suporte técnico, manutenção e outros serviços em tecnologia da informação",4
ROIT,ROIT INNOVATION DESENVOLVIMENTO S/A,11.216.711/0001-14,"2,468,500.00",1 – 10 milhões,Desenvolvimento e licenciamento de programas de computador não-customizáveis,206.00,201–500,"São Paulo, SP",[{'job_industry_list': {'industry': 'IT Services and IT Consulting'}}],https://www.linkedin.com/company/roit-ai,['Accounting/Auditing and Finance'],Atividades de teleatendimento,4,"Transporte rodoviário de carga, exceto produtos perigosos e mudanças, intermunicipal, interestadual e internacional",4
AlmavivA Experience,ALMAVIVA EXPERIENCE S.A.,08.174.089/0001-14,"601,499,885.00",100 milhões – 1 bilhão,Atividades de teleatendimento,"21,541.00",+10000,"São Paulo, São Paulo",[{'job_industry_list': {'industry': 'Advertising Services'}}],https://www.linkedin.com/company/almavivaexperience,['Sales and Business Development'],Obras de terraplenagem,1,"Tratamento de dados, provedores de serviços de aplicação e serviços de hospedagem na internet",4
Ponce Tech,PONCE TECH CONSULTORIA LTDA,21.957.955/0001-01,"50,000.00",Até 100 mil,Desenvolvimento e licenciamento de programas de computador não-customizáveis,45.00,11–50,"Fortaleza, Ceará",[{'job_industry_list': {'industry': 'IT Services and IT Consulting'}}],https://www.linkedin.com/company/poncetech,['Information Technology'],Incorporação de empreendimentos imobiliários,3,"Portais, provedores de conteúdo e outros serviços de informação na internet",3
Britasolo,BRITASOLO DEMOLICOES LTDA,14.111.923/0001-25,"550,000.00",100 mil – 1 milhão,Obras de terraplenagem,13.00,11–50,,[{'job_industry_list': {'industry': 'Mining'}}],https://www.linkedin.com/company/britasolo,['Accounting/Auditing and Finance'],Comércio varejista de medicamentos veterinários,1,Serviços de assistência social sem alojamento,3
Netvagas,A L DE OLIVEIRA RODRIGUES INFORMATICA,12.546.191/0001-70,"10,000.00",Até 100 mil,"Portais, provedores de conteúdo e outros serviços de informação na internet",67.00,51–200,Cotia,[{'job_industry_list': {'industry': 'Human Resources Services'}}],https://www.linkedin.com/company/netvagas,['Human Resources'],Construção de barragens e represas para geração de energia elétrica,1,Comércio por atacado de peças e acessórios novos para veículos automotores,3
EBM Incorporacoes,EBM INCORPORACOES S/A,03.025.881/0001-93,"199,296,390.19",100 milhões – 1 bilhão,Incorporação de empreendimentos imobiliários,784.00,501–1000,"Goiânia, Goiás",[{'job_industry_list': {'industry': 'Civil Engineering'}}],https://www.linkedin.com/company/ebm-desenvolvimento-imobiliario,['Other'],"Fabricação de válvulas, registros e dispositivos semelhantes",1,Incorporação de empreendimentos imobiliários,3
Alvorada Produtos Agropecuários,ALVORADA COMERCIO DE PRODUTOS AGROPECUARIOS LTDA,01.963.040/0001-00,"120,539,158.00",100 milhões – 1 bilhão,Comércio varejista de medicamentos veterinários,811.00,501–1000,"Campo Grande, MS",[{'job_industry_list': {'industry': 'Farming'}}],https://www.linkedin.com/company/alvorada-produtos-agropecuarios,['Other'],Comércio varejista de móveis,1,"Comércio atacadista de máquinas, aparelhos e equipamentos para uso agropecuário; partes e peças",3
Quebec S.A.,QUEBEC ENGENHARIA S/A,24.074.488/0001-60,"1,000,000.00",100 mil – 1 milhão,Construção de barragens e represas para geração de energia elétrica,506.00,501–1000,"Belo Horizonte, Minas Gerais",[{'job_industry_list': {'industry': 'Construction'}}],https://www.linkedin.com/company/construtoraquebec,['Other'],Atividades de consultoria em gestão empresarial,2,"Aluguel de outras máquinas e equipamentos comerciais e industriais não especificados anteriormente, sem operador",3
Censi Brasil,CENSI INDUSTRIA DE PRODUTOS HIDROSSANITARIOS SA,02.308.456/0001-49,"1,835,000.00",1 – 10 milhões,"Fabricação de válvulas, registros e dispositivos semelhantes",170.00,51–200,"Blumenau, SC",[{'job_industry_list': {'industry': 'Construction'}}],https://www.linkedin.com/company/censibrasil,['Other'],"Atividades de intermediação e agenciamento de serviços e negócios em geral, exceto imobiliários",4,Construção de edifícios,3
Deltasul Utilidades,DELTASUL UTILIDADES LTDA,98.102.924/0001-01,"87,665,633.23",10 – 100 milhões,Comércio varejista de móveis,825.00,501–1000,,[{'job_industry_list': {'industry': 'Retail'}}],https://www.linkedin.com/company/deltasul-utilidades,['Other'],"Fabricação de aparelhos telefônicos e de outros equipamentos de comunicação, peças e acessórios",1,Fabricação de aparelhos e equipamentos para distribuição e controle de energia elétrica,3
Teknisa Software,TEKNISA SOFTWARE LTDA,26.269.316/0001-77,"507,812.00",100 mil – 1 milhão,Desenvolvimento e licenciamento de programas de computador não-customizáveis,531.00,501–1000,"Belo Horizonte, Minas Gerais",[{'job_industry_list': {'industry': 'IT Services and IT Consulting'}}],https://www.linkedin.com/company/teknisaoficial,['Other'],"Atividades de atendimento hospitalar, exceto pronto-socorro e unidades para atendimento a urgências",2,"Comércio atacadista de instrumentos e materiais para uso médico, cirúrgico, hospitalar e de laboratórios",3
Logica Soluções Integradas,LOGICA SOLUCOES INTEGRADAS LTDA,11.450.877/0001-09,"10,000.00",Até 100 mil,Serviços combinados de escritório e apoio administrativo,23.00,11–50,"Belo Horizonte, Minas Gerais",[{'job_industry_list': {'industry': 'Telecommunications'}}],https://www.linkedin.com/company/logicasolu%c3%a7%c3%b5esintegradas,['Administrative'],Comércio varejista de artigos do vestuário e acessórios,5,"Confecção de peças de vestuário, exceto roupas íntimas e as confeccionadas sob medida",2
People Capital Humano,PEOPLE CAPITAL HUMANO LTDA,22.740.734/0001-40,"2,000.00",Até 100 mil,Treinamento em desenvolvimento profissional e gerencial,2.00,0–10,"Timbó, Santa Catarina","[{'job_industry_list': {'industry': 'Appliances, Electrical, and Electronics Manufacturing'}}]",https://www.linkedin.com/company/peoplecapitalhumano,"['Design, Art/Creative, and Information Technology']",Cooperativas de crédito mútuo,1,"Comércio atacadista de cerveja, chope e refrigerante",2
Humtech - Recrutando para Tecnologia,HUMTECH RECURSOS HUMANOS LTDA,45.301.640/0001-70,"50,000.00",Até 100 mil,Treinamento em desenvolvimento profissional e gerencial,31.00,11–50,"Curitiba, PR",[{'job_industry_list': {'industry': 'Computer and Network Security'}}],https://www.linkedin.com/company/humtech,['Engineering and Information Technology'],"Comércio atacadista de máquinas, aparelhos e equipamentos para uso agropecuário; partes e peças",3,Comércio varejista especializado de eletrodomésticos e equipamentos de áudio e vídeo,2
Pravaler,PRAVALER S/A,04.531.065/0001-14,"328,206,026.00",100 milhões – 1 bilhão,Atividades de consultoria em gestão empresarial,460.00,201–500,"São Paulo, São Paulo",[{'job_industry_list': {'industry': 'Financial Services'}}],https://www.linkedin.com/company/pravaler,['Business Development and Sales'],"Suporte técnico, manutenção e outros serviços em tecnologia da informação",4,Fabricação de alimentos para animais,2
allu,ALLUGATOR SERVICOS DIGITAIS LTDA,25.053.921/0001-43,"5,000.00",Até 100 mil,"Atividades de intermediação e agenciamento de serviços e negócios em geral, exceto imobiliários",314.00,201–500,"Belo Horizonte, Minas Gerais","[{'job_industry_list': {'industry': 'Technology, Information and Internet'}}]",https://www.linkedin.com/company/alluoficial,['Other'],"Corretores e agentes de seguros, de planos de previdência complementar e de saúde",2,Atividades de consultoria em gestão empresarial,2
Intelbras,INTELBRAS S.A. INDUSTRIA DE TELECOMUNICACAO ELETRONICA BRASILEIRA,82.901.000/0001-27,"2,000,000,000.00",Acima de 1 bilhão,"Fabricação de aparelhos telefônicos e de outros equipamentos de comunicação, peças e acessórios","4,847.00",1001-5000,"São José, Santa Catarina",[{'job_industry_list': {'industry': 'IT Services and IT Consulting'}}],https://www.linkedin.com/company/intelbras,['Sales and Business Development'],Comércio varejista especializado de equipamentos e suprimentos de informática,2,"Atividades de atendimento hospitalar, exceto pronto-socorro e unidades para atendimento a urgências",2
São Pietro Hospitais e Clínicas,ASSOCIACAO SAO PIETRO SAUDE,09.128.192/0001-90,"40,000.00",Até 100 mil,"Atividades de atendimento hospitalar, exceto pronto-socorro e unidades para atendimento a urgências",165.00,51–200,,[{'job_industry_list': {'industry': 'Hospitals'}}],https://www.linkedin.com/company/gruposaopietro,['Administrative'],"Aluguel de máquinas e equipamentos para construção sem operador, exceto andaimes",2,"Corretores e agentes de seguros, de planos de previdência complementar e de saúde",2
Riachuelo,LOJAS RIACHUELO SA,33.200.056/0001-49,"4,238,448,788.42",Acima de 1 bilhão,Comércio varejista de artigos do vestuário e acessórios,"32,143.00",+10000,"São Paulo, São Paulo",[{'job_industry_list': {'industry': 'Retail'}}],https://www.linkedin.com/company/riachuelo,['Other'],Fabricação de cimento,1,Comércio varejista especializado de equipamentos e suprimentos de informática,2
Sicoob UniCentro Br,COOPERATIVA DE CREDITO DE LIVRE ADMISSAO CENTRO BRASILEIRA LTDA.,37.395.399/0001-67,0.00,Até 100 mil,Cooperativas de crédito mútuo,893.00,501–1000,"Goiânia, GO",[{'job_industry_list': {'industry': 'Banking'}}],https://www.linkedin.com/company/sicoobunicentrobr,['Other'],Serviços de pré-impressão,1,"Aluguel de máquinas e equipamentos para construção sem operador, exceto andaimes",2
Pilar Hospital,HOSPITAL NOSSA SENHORA DO PILAR S.A.,76.498.013/0001-02,"8,295,825.00",1 – 10 milhões,"Atividades de atendimento hospitalar, exceto pronto-socorro e unidades para atendimento a urgências",583.00,501–1000,,[{'job_industry_list': {'industry': 'Wellness and Fitness Services'}}],https://www.linkedin.com/company/pilarhospital,['Other'],Seleção e agenciamento de mão-de-obra,7,Fabricação de outros produtos de metal não especificados anteriormente,2
Cocamar Máquinas,COCAMAR MAQUINAS AGRICOLAS LTDA.,02.213.491/0001-84,"190,000,000.00",100 milhões – 1 bilhão,"Comércio atacadista de máquinas, aparelhos e equipamentos para uso agropecuário; partes e peças",204.00,201–500,"maringá, PR",[{'job_industry_list': {'industry': 'Farming'}}],https://www.linkedin.com/company/cocamar-m%c3%a1quinas,['Other'],Fabricação de outros produtos de metal não especificados anteriormente,2,Testes e análises técnicas,2
Logcomex,LOGCOMEX LTDA.,13.475.043/0001-75,"42,059,400.00",10 – 100 milhões,"Suporte técnico, manutenção e outros serviços em tecnologia da informação",382.00,201–500,"Curitiba, Paraná",[{'job_industry_list': {'industry': 'IT Services and IT Consulting'}}],https://www.linkedin.com/company/logcomex,['Other'],Atividades veterinárias,1,Serviços advocatícios,2
Lojacorr,LOJACORR S.A. REDE DE CORRETORAS DE SEGUROS,04.529.055/0001-44,"10,991,562.00",10 – 100 milhões,"Corretores e agentes de seguros, de planos de previdência complementar e de saúde",510.00,501–1000,"São José dos Pinhais, Paraná",[{'job_industry_list': {'industry': 'Insurance'}}],https://www.linkedin.com/company/lojacorr-corretora-de-seguros,['Other'],Testes e análises técnicas,2,Atividades de organizações associativas patronais e empresariais,2
VEGA Monitoramento Agro,VEGA MONITORAMENTO E ORIGINACAO AGROAMBIENTAL S.A,30.892.910/0001-97,"23,002,784.36",10 – 100 milhões,Comércio varejista especializado de equipamentos e suprimentos de informática,159.00,51–200,"São José dos Campos, São Paulo",[{'job_industry_list': {'industry': 'Consumer Services'}}],https://www.linkedin.com/company/vega-monitoramento-agro,['Other'],"Comércio atacadista de mercadorias em geral, sem predominância de alimentos ou de insumos agropecuários",1,"Fabricação de adubos e fertilizantes, exceto organo-minerais",2
Armac,"ARMAC LOCACAO, LOGISTICA E SERVICOS S.A.",00.242.184/0001-04,"1,134,339,481.70",Acima de 1 bilhão,"Aluguel de máquinas e equipamentos para construção sem operador, exceto andaimes","3,015.00",1001-5000,"Barueri, São Paulo",[{'job_industry_list': {'industry': 'Consumer Services'}}],https://www.linkedin.com/company/armac-locacao,['Other'],"Aluguel de outras máquinas e equipamentos comerciais e industriais não especificados anteriormente, sem operador",3,Edição integrada à impressão de livros,2
Cimento Apodi,COMPANHIA INDUSTRIAL DE CIMENTO APODI,10.260.249/0001-90,"603,884,027.75",100 milhões – 1 bilhão,Fabricação de cimento,601.00,501–1000,"Fortaleza, Ceara",[{'job_industry_list': {'industry': 'Construction'}}],https://www.linkedin.com/company/cimento-apodi,['Other'],Holdings de instituições não-financeiras,13,Agências de viagens,2
Alpha Clicheria,ALPHA CLICHERIA E SOLUCOES GRAFICAS LTDA,03.257.161/0001-53,"4,507,500.00",1 – 10 milhões,Serviços de pré-impressão,176.00,51–200,"Valinhos, SP",[{'job_industry_list': {'industry': 'Design Services'}}],https://www.linkedin.com/company/alphaclicheria,"['Marketing, Public Relations, and Writing/Editing']",Cooperativas centrais de crédito,1,Administração de cartões de crédito,2
Selpe Vagas,SELPE SELECAO DE PESSOAL LTDA,17.186.685/0001-05,"346,000.00",100 mil – 1 milhão,Seleção e agenciamento de mão-de-obra,17.00,11–50,"Belo Horizonte, Minas Gerais",[{'job_industry_list': {'industry': 'Information Services'}}],https://www.linkedin.com/company/selpevagas,['Engineering and Information Technology'],Atividades de contabilidade,8,Comércio varejista especializado de equipamentos de telefonia e comunicação,2
MK Solutions,MK SOLUTIONS CRIACAO DE SOFTWARE LTDA,09.587.408/0001-86,"200,000.00",100 mil – 1 milhão,Desenvolvimento e licenciamento de programas de computador não-customizáveis,210.00,201–500,"Santa Cruz do Sul, Rio Grande do Sul",[{'job_industry_list': {'industry': 'Software Development'}}],https://www.linkedin.com/company/mksolutionssoftware,['Sales and Business Development'],Construção de edifícios,3,"Comércio varejista de mercadorias em geral, com predominância de produtos alimentícios - hipermercados",2
Opus Construtech,OPUS INDUSTRIA DE CONSTRUCOES MODULARES LTDA,28.811.839/0001-29,"4,500,000.00",1 – 10 milhões,Fabricação de outros produtos de metal não especificados anteriormente,506.00,501–1000,"Betim, Minas Gerais",[{'job_industry_list': {'industry': 'Building Construction'}}],https://www.linkedin.com/company/opusconstrutech,['Administrative'],Fabricação de laticínios,1,"Comércio varejista de mercadorias em geral, com predominância de produtos alimentícios - supermercados",2
Pet Care Centro Veterinário,PET CARE CENTRO VETERINARIO SA,15.523.220/0001-77,"335,349,745.00",100 milhões – 1 bilhão,Atividades veterinárias,692.00,501–1000,"São Paulo, SP",[{'job_industry_list': {'industry': 'Veterinary Services'}}],https://www.linkedin.com/company/pet-care-centro-veterin%c3%a1rio-24h,['Other'],Moagem de trigo e fabricação de derivados,1,Hotéis,2
Concept Desenvolvimento Empresarial,CAROLINA PAIVA RIBEIRO DO PRADO,27.257.648/0001-02,"10,000.00",Até 100 mil,Treinamento em desenvolvimento profissional e gerencial,6.00,0–10,"Ribeirão Preto, São Paulo",[{'job_industry_list': {'industry': 'Business Consulting and Services'}}],https://www.linkedin.com/company/conceptdesenvolvimento,['Administrative'],Serviços advocatícios,2,Promoção de vendas,2
Genesis Group,GENESIS GROUP TICRM SERVICOS LTDA,11.566.351/0001-80,"47,291,390.00",10 – 100 milhões,Testes e análises técnicas,"1,134.00",1001-5000,"Ibiporã, Paraná",[{'job_industry_list': {'industry': 'Farming'}}],https://www.linkedin.com/company/genesisgroupbrasil,['Administrative'],Desenvolvimento e licenciamento de programas de computador customizáveis,13,"Comércio atacadista de defensivos agrícolas, adubos, fertilizantes e corretivos do solo",2
Martins,MARTINS COMERCIO E SERVICOS DE DISTRIBUICAO S/A,43.214.055/0001-07,"405,134,983.00",100 milhões – 1 bilhão,"Comércio atacadista de mercadorias em geral, sem predominância de alimentos ou de insumos agropecuários","8,518.00",5001-10000,"Uberlândia, MG",[{'job_industry_list': {'industry': 'Wholesale'}}],https://www.linkedin.com/company/martins,['Management and Manufacturing'],Comércio varejista de outros produtos não especificados anteriormente,1,Fabricação de outros equipamentos e aparelhos elétricos não especificados anteriormente,2
Forza JMalucelli,JMALUCELLI RENTAL S/A,95.424.321/0001-20,"10,878,681.00",10 – 100 milhões,"Aluguel de outras máquinas e equipamentos comerciais e industriais não especificados anteriormente, sem operador",309.00,201–500,Curitiba,[{'job_industry_list': {'industry': 'Machinery Manufacturing'}}],https://www.linkedin.com/company/forza-jmalucelli,['Sales and Business Development'],Atividades de organizações associativas patronais e empresariais,2,Fabricação de defensivos agrícolas,2
Braveo,BRAVEO S.A.,51.008.925/0001-10,"904,053,672.41",100 milhões – 1 bilhão,Holdings de instituições não-financeiras,"2,243.00",1001-5000,"São Paulo, SP",[{'job_industry_list': {'industry': 'Consumer Services'}}],https://www.linkedin.com/company/braveo-oficial,['Other'],"Fabricação de adubos e fertilizantes, exceto organo-minerais",2,Educação superior - graduação e pós-graduação,2
TecnoSpeed TI,TECNOSPEED S/A,08.187.168/0001-60,"1,200,700.00",1 – 10 milhões,Desenvolvimento e licenciamento de programas de computador não-customizáveis,237.00,201–500,"Maringá, PR",[{'job_industry_list': {'industry': 'IT Services and IT Consulting'}}],https://www.linkedin.com/company/tecnospeed-ti,['Other'],"Aluguel de palcos, coberturas e outras estruturas de uso temporário, exceto andaimes",1,Comércio atacadista de cereais e leguminosas beneficiados,1
Unicred - Núcleo Geração,COOPERATIVA CENTRAL DE CREDITO UNICRED DO BRASIL - UNICRED DO BRASIL,00.315.557/0006-26,"17,120,894.00",10 – 100 milhões,Cooperativas centrais de crédito,135.00,51–200,Rio Grande do Sul,[{'job_industry_list': {'industry': 'Banking'}}],https://www.linkedin.com/company/unicrednucleogeracao,['Other'],Edição integrada à impressão de livros,2,Condomínios prediais,1
Contajá Contabilidade Online,CONTA JA CONTABILIDADE LTDA,25.021.140/0001-77,"200,000.00",100 mil – 1 milhão,Atividades de contabilidade,142.00,51–200,"Viçosa, Minas Gerais",[{'job_industry_list': {'industry': 'Accounting'}}],https://www.linkedin.com/company/contajaonline,['Other'],Fabricação de outras peças e acessórios para veículos automotores não especificadas anteriormente,1,Comércio por atacado de caminhões novos e usados,1
Construtora Tenda,CONSTRUTORA TENDA S/A,71.476.527/0001-35,"910,728,801.38",100 milhões – 1 bilhão,Construção de edifícios,"4,756.00",1001-5000,"São Paulo, São Paulo",[{'job_industry_list': {'industry': 'Real Estate'}}],https://www.linkedin.com/company/construtora-tenda,['Other'],Comércio atacadista de alimentos para animais,1,Planos de saúde,1
IXC Soft,MXCSOFT SISTEMAS LTDA,24.709.490/0001-68,"10,000.00",Até 100 mil,Desenvolvimento e licenciamento de programas de computador não-customizáveis,541.00,501–1000,"Chapecó , Santa Catarina",[{'job_industry_list': {'industry': 'IT Services and IT Consulting'}}],https://www.linkedin.com/company/ixcsoft,['Other'],Atividades de associações de defesa de direitos sociais,1,Obras de terraplenagem,1
Alvoar Lácteos,ALVOAR LACTEOS S/A,21.992.946/0001-51,"399,551,528.77",100 milhões – 1 bilhão,Fabricação de laticínios,"1,671.00",1001-5000,"Fortaleza, Ceará",[{'job_industry_list': {'industry': 'Food and Beverage Manufacturing'}}],https://www.linkedin.com/company/alvoar-l%c3%a1cteos,['Other'],Edição integrada à impressão de jornais diários,1,Comércio varejista de medicamentos veterinários,1
BPO4u,BPO4U ASSESSORIA E CONSULTORIA LTDA,34.779.754/0001-03,"10,000.00",Até 100 mil,Atividades de contabilidade,17.00,11–50,"Curitiba, Paraná",[{'job_industry_list': {'industry': 'Accounting'}}],https://www.linkedin.com/company/bpo4u,['Administrative'],Agências de viagens,2,Construção de barragens e represas para geração de energia elétrica,1
Vilma Alimentos,DOMINGOS COSTA INDUSTRIAS ALIMENTICIAS SA,17.159.518/0001-75,"61,655,003.90",10 – 100 milhões,Moagem de trigo e fabricação de derivados,"1,617.00",1001-5000,"Contagem, Minas Gerais",[{'job_industry_list': {'industry': 'Food and Beverage Services'}}],https://www.linkedin.com/company/vilma-alimentos,['Human Resources'],"Transporte rodoviário de carga, exceto produtos perigosos e mudanças, intermunicipal, interestadual e internacional",4,"Fabricação de válvulas, registros e dispositivos semelhantes",1
RHBH,RHBH GESTAO DE PESSOAS LTDA,29.125.483/0001-32,"10,000.00",Até 100 mil,Seleção e agenciamento de mão-de-obra,3.00,0–10,"Belo Horizonte, Minas Gerais",[{'job_industry_list': {'industry': 'Human Resources Services'}}],https://www.linkedin.com/company/rhbh,['Other'],"Confecção de peças do vestuário, exceto roupas íntimas e as confeccionadas sob medida",1,Comércio varejista de móveis,1
Queiroz Cavalcanti Advocacia,QUEIROZ CAVALCANTI - ADVOCACIA,02.636.065/0001-53,"512,500.00",100 mil – 1 milhão,Serviços advocatícios,"1,052.00",1001-5000,"Recife, Pernambuco",[{'job_industry_list': {'industry': 'Legal Services'}}],https://www.linkedin.com/company/qcaoficial,['Other'],Administração de cartões de crédito,2,"Fabricação de aparelhos telefônicos e de outros equipamentos de comunicação, peças e acessórios",1
GOVERNANÇABRASIL - GOVBR,GOVERNANCABRASIL S/A TECNOLOGIA E GESTAO EM SERVICOS,00.165.960/0001-01,"133,131,680.09",100 milhões – 1 bilhão,Desenvolvimento e licenciamento de programas de computador customizáveis,708.00,501–1000,"Blumenau, Santa Catarina",[{'job_industry_list': {'industry': 'IT Services and IT Consulting'}}],https://www.linkedin.com/company/governancabrasil,['Other'],Comércio varejista especializado de equipamentos de telefonia e comunicação,2,Cooperativas de crédito mútuo,1
Nater Coop,COOPERATIVA AGROPECUARIA CENTRO SERRANA,27.942.085/0001-83,"35,151,370.63",10 – 100 milhões,Comércio varejista de outros produtos não especificados anteriormente,593.00,501–1000,"Santa Maria de Jetibá, Espírito Santo",[{'job_industry_list': {'industry': 'Business Consulting and Services'}}],https://www.linkedin.com/company/natercoop,['Management and Manufacturing'],Fabricação de aparelhos e equipamentos para distribuição e controle de energia elétrica,3,Fabricação de cimento,1
Get Atende,GNXT SERVICOS DE ATENDIMENTO LTDA,44.840.178/0001-16,"20,000,000.00",10 – 100 milhões,Atividades de teleatendimento,500.00,201–500,"Campo Bom, Rio Grande do Sul",[{'job_industry_list': {'industry': 'Financial Services'}}],https://www.linkedin.com/company/getatende,['Other'],"Comércio atacadista de instrumentos e materiais para uso médico, cirúrgico, hospitalar e de laboratórios",3,Serviços de pré-impressão,1
CentralAr.com,RIQUENA NETO AR CONDICIONADO LTDA,08.382.929/0001-34,"9,448,419.00",1 – 10 milhões,Comércio varejista especializado de eletrodomésticos e equipamentos de áudio e vídeo,205.00,201–500,"Araçatuba, São Paulo",[{'job_industry_list': {'industry': 'IT Services and IT Consulting'}}],https://www.linkedin.com/company/centralarcom,['Other'],Consultoria em tecnologia da informação,7,Atividades veterinárias,1
inpEV,INSTITUTO NACIONAL DE PROCESSAMENTO DE EMBALAGENS VAZIAS - INPEV,04.875.587/0001-33,0.00,Até 100 mil,Atividades de organizações associativas patronais e empresariais,214.00,201–500,"São Paulo, SP",[{'job_industry_list': {'industry': 'Farming'}}],https://www.linkedin.com/company/inpevbrasil,['Other'],"Comércio atacadista de mercadorias em geral, com predominância de insumos agropecuários",1,"Comércio atacadista de mercadorias em geral, sem predominância de alimentos ou de insumos agropecuários",1
Araguaia,ARAGUAIA S.A.,03.306.578/0001-69,"370,483,000.00",100 milhões – 1 bilhão,"Fabricação de adubos e fertilizantes, exceto organo-minerais","2,992.00",1001-5000,"Anápolis, Goiás",[{'job_industry_list': {'industry': 'Farming'}}],https://www.linkedin.com/company/araguaia,['Other'],Fabricação de rolamentos para fins industriais,1,Cooperativas centrais de crédito,1
LIDERBAN.,LIDERBAN LOCACAO E SERVICO LTDA,08.084.068/0001-08,"500,000.00",100 mil – 1 milhão,"Aluguel de palcos, coberturas e outras estruturas de uso temporário, exceto andaimes",111.00,51–200,"Contagem, Minas Gerais","[{'job_industry_list': {'industry': 'Transportation, Logistics, Supply Chain and Storage'}}]",https://www.linkedin.com/company/liderban,['Other'],"Comércio varejista de mercadorias em geral, com predominância de produtos alimentícios - hipermercados",2,Fabricação de laticínios,1
FTD Educação,EDITORA FTD S A,61.186.490/0001-57,"400,000,000.00",100 milhões – 1 bilhão,Edição integrada à impressão de livros,"2,515.00",1001-5000,São Paulo,[{'job_industry_list': {'industry': 'Education Administration Programs'}}],https://www.linkedin.com/company/ftdeducacao,['Other'],"Comércio varejista de mercadorias em geral, com predominância de produtos alimentícios - supermercados",2,Moagem de trigo e fabricação de derivados,1
Magna,MAGNA DO BRASIL PRODUTOS E SERVICOS AUTOMOTIVOS LTDA,00.970.934/0001-56,"337,562,554.50",100 milhões – 1 bilhão,Fabricação de outras peças e acessórios para veículos automotores não especificadas anteriormente,27.00,11–50,"New York, NY",[{'job_industry_list': {'industry': 'Manufacturing'}}],https://www.linkedin.com/company/magnatokens,"['Marketing, Public Relations, and Writing/Editing']",Comércio atacadista de carnes bovinas e suínas e derivados,1,Comércio varejista de outros produtos não especificados anteriormente,1
PremieRpet,PREMIER PET COMERCIAL LTDA,11.462.614/0001-01,"137,500.00",100 mil – 1 milhão,Comércio atacadista de alimentos para animais,"2,122.00",1001-5000,"São Paulo, SP",[{'job_industry_list': {'industry': 'Food and Beverage Manufacturing'}}],https://www.linkedin.com/company/premierpet,['Other'],"Comércio varejista de cosméticos, produtos de perfumaria e de higiene pessoal",1,"Aluguel de palcos, coberturas e outras estruturas de uso temporário, exceto andaimes",1
Adimax,ADIMAX - INDUSTRIA E COMERCIO DE ALIMENTOS LTDA.,03.887.324/0001-81,"27,000,000.00",10 – 100 milhões,Fabricação de alimentos para animais,"2,088.00",1001-5000,"Salto de Pirapora, São Paulo",[{'job_industry_list': {'industry': 'Food and Beverage Manufacturing'}}],https://www.linkedin.com/company/adimax,['Other'],Fabricação de calçados de couro,1,Fabricação de outras peças e acessórios para veículos automotores não especificadas anteriormente,1
Live One Trade Marketing,LIVE ONE TRADE MARKETING LTDA,26.181.137/0001-83,"1,000,000.00",100 mil – 1 milhão,Agências de publicidade,747.00,501–1000,"Campinas, São Paulo",[{'job_industry_list': {'industry': 'Advertising Services'}}],https://www.linkedin.com/company/liveonetrade,['Sales and Business Development'],Fabricação de artefatos de material plástico para uso pessoal e doméstico,1,Comércio atacadista de alimentos para animais,1
AFPESP,ASSOCIACAO DOS FUNCIONARIOS PUBLICOS ESTADO SAO PAULO,62.149.000/0001-05,0.00,Até 100 mil,Atividades de associações de defesa de direitos sociais,788.00,501–1000,"São Paulo, São Paulo",[{'job_industry_list': {'industry': 'Civic and Social Organizations'}}],https://www.linkedin.com/company/afpesp,['Other'],Hotéis,2,Atividades de associações de defesa de direitos sociais,1
Rede Gazeta,REDE GAZETA DE COMUNICACAO LTDA,28.333.531/0001-15,"94,000.00",Até 100 mil,Edição integrada à impressão de jornais diários,634.00,501–1000,"Vitória, Espírito Santo",[{'job_industry_list': {'industry': 'Public Relations and Communications Services'}}],https://www.linkedin.com/company/rede-gazeta,['Other'],"Tratamento de dados, provedores de serviços de aplicação e serviços de hospedagem na internet",4,Edição integrada à impressão de jornais diários,1
Solinftec,TECSOIL AUTOMACAO E SISTEMAS S.A,12.456.606/0001-15,"318,882,056.15",100 milhões – 1 bilhão,Desenvolvimento e licenciamento de programas de computador customizáveis,829.00,501–1000,"Araçatuba, SP",[{'job_industry_list': {'industry': 'IT Services and IT Consulting'}}],https://www.linkedin.com/company/solinftec,['Other'],Desenvolvimento de programas de computador sob encomenda,8,"Confecção de peças do vestuário, exceto roupas íntimas e as confeccionadas sob medida",1
Cyncly,PROMOB SOFTWARES S.A.,00.141.463/0001-73,"136,654,914.00",100 milhões – 1 bilhão,Desenvolvimento e licenciamento de programas de computador customizáveis,"3,553.00",1001-5000,,[{'job_industry_list': {'industry': 'Software Development'}}],https://www.linkedin.com/company/cyncly,['Information Technology'],Gestão de ativos intangíveis não-financeiros,1,"Comércio atacadista de mercadorias em geral, com predominância de insumos agropecuários",1
Mundiale,PSP INTERMEDIACAO DE SERVICOS LTDA,17.082.481/0001-24,"33,411,400.00",10 – 100 milhões,Atividades de teleatendimento,968.00,501–1000,"Belo Horizonte, Minas Gerais",[{'job_industry_list': {'industry': 'IT Services and IT Consulting'}}],https://www.linkedin.com/company/mundiale,['Other'],Corretagem na compra e venda e avaliação de imóveis,1,Fabricação de rolamentos para fins industriais,1
Onfly,ONFLY TECNOLOGIA LTDA,30.342.266/0001-83,"25,299,885.29",10 – 100 milhões,Agências de viagens,638.00,501–1000,"Belo Horizonte, Minas Gerais",[{'job_industry_list': {'industry': 'IT Services and IT Consulting'}}],https://www.linkedin.com/company/onfly,['Other'],********,254,Comércio atacadista de carnes bovinas e suínas e derivados,1
Rodonaves,RODONAVES TRANSPORTES E ENCOMENDAS LTDA,44.914.992/0001-38,"12,000,000.00",10 – 100 milhões,"Transporte rodoviário de carga, exceto produtos perigosos e mudanças, intermunicipal, interestadual e internacional","5,042.00",5001-10000,"Ribeirão Preto, São Paulo",[{'job_industry_list': {'industry': 'Truck Transportation'}}],https://www.linkedin.com/company/rodonaves,['Other'],Promoção de vendas,2,"Comércio varejista de cosméticos, produtos de perfumaria e de higiene pessoal",1
Lhg Mining,LHG MINING LTDA,45.841.635/0001-50,"1,567,813,316.00",Acima de 1 bilhão,Holdings de instituições não-financeiras,924.00,501–1000,"Corumbá, MS",[{'job_industry_list': {'industry': 'Mining'}}],https://www.linkedin.com/company/lhgmining,['Other'],Comércio atacadista de matérias-primas agrícolas não especificadas anteriormente,1,Fabricação de calçados de couro,1
OU,R.BRANDS LTDA,13.992.333/0001-96,"2,780,000.00",1 – 10 milhões,"Confecção de peças do vestuário, exceto roupas íntimas e as confeccionadas sob medida",305.00,201–500,"Caxias do Sul, Rio Grande do Sul",[{'job_industry_list': {'industry': 'Design Services'}}],https://www.linkedin.com/company/ou-martiplast,['Other'],Fabricação de peças e acessórios para o sistema de direção e suspensão de veículos automotores,1,Fabricação de artefatos de material plástico para uso pessoal e doméstico,1
Tripla,TRIPLA SERVICES LTDA,24.042.686/0001-41,"100,000.00",Até 100 mil,Comércio varejista especializado de equipamentos e suprimentos de informática,183.00,51–200,"Belo Horizonte, Minas Gerais",[{'job_industry_list': {'industry': 'IT Services and IT Consulting'}}],https://www.linkedin.com/company/triplait,['Other'],Fabricação de peças e acessórios para o sistema motor de veículos automotores,1,Gestão de ativos intangíveis não-financeiros,1
DM,DM INSTITUICAO DE PAGAMENTO S.A.,16.581.207/0001-37,"195,200,000.00",100 milhões – 1 bilhão,Administração de cartões de crédito,"3,124.00",1001-5000,"São José dos Campos, SP",[{'job_industry_list': {'industry': 'Banking'}}],https://www.linkedin.com/company/vocedm,['Other'],"Agenciamento de profissionais para atividades esportivas, culturais e artísticas",1,Corretagem na compra e venda e avaliação de imóveis,1
WeON,WEON TELECOMUNICACOES LTDA.,10.614.585/0001-93,"32,000.00",Até 100 mil,Comércio varejista especializado de equipamentos de telefonia e comunicação,53.00,51–200,"Curitiba, Paraná",[{'job_industry_list': {'industry': 'Computer and Network Security'}}],https://www.linkedin.com/company/weon,['Engineering and Information Technology'],"Fabricação de fogões, refrigeradores e máquinas de lavar e secar para uso doméstico, peças e acessórios",1,Comércio atacadista de matérias-primas agrícolas não especificadas anteriormente,1
Super Globo,SUPER GLOBO QUIMICA LTDA EM RECUPERACAO JUDICIAL,21.882.648/0001-09,"300,000.00",100 mil – 1 milhão,Fabricação de aparelhos e equipamentos para distribuição e controle de energia elétrica,182.00,51–200,,[{'job_industry_list': {'industry': 'Chemical Manufacturing'}}],https://www.linkedin.com/company/super-globo-quimica,['Business Development and Sales'],"Comércio atacadista de sementes, flores, plantas e gramas",1,Fabricação de peças e acessórios para o sistema de direção e suspensão de veículos automotores,1
Jservice Automação,JSERVICE FABRICACAO E AUTOMACAO INDUSTRIAL LTDA,21.882.648/0001-09,"100,000.00",Até 100 mil,Fabricação de aparelhos e equipamentos para distribuição e controle de energia elétrica,1.00,0–10,,"[{'job_industry_list': {'industry': 'Appliances, Electrical, and Electronics Manufacturing'}}]",https://www.linkedin.com/company/jservice-automa%c3%a7%c3%a3o,['Management and Manufacturing'],Loteamento de imóveis próprios,1,Fabricação de peças e acessórios para o sistema motor de veículos automotores,1
Telgo Telecom,DOZONO E COSTA TELECOMUNICACOES LTDA,22.870.099/0001-15,"20,000.00",Até 100 mil,"Comércio atacadista de instrumentos e materiais para uso médico, cirúrgico, hospitalar e de laboratórios",82.00,51–200,"Anápolis, Goias",[{'job_industry_list': {'industry': 'Telecommunications'}}],https://www.linkedin.com/company/telgo-telecom,['Engineering and Information Technology'],Fabricação de cal e gesso,1,"Agenciamento de profissionais para atividades esportivas, culturais e artísticas",1
Gerais Hospitalar,GERAIS EMPREENDIMENTOS HOSPITALARES LTDA,25.456.112/0001-82,"230,000.00",100 mil – 1 milhão,"Comércio atacadista de cerveja, chope e refrigerante",84.00,51–200,"Belo Horizonte, Minas Gerais",[{'job_industry_list': {'industry': 'Wellness and Fitness Services'}}],https://www.linkedin.com/company/geraishospitalar,['Other'],"Comércio atacadista de defensivos agrícolas, adubos, fertilizantes e corretivos do solo",2,"Fabricação de fogões, refrigeradores e máquinas de lavar e secar para uso doméstico, peças e acessórios",1
Menegazzo Ambev,DISTRIBUIDORA MENEGAZZO LTDA,23.002.548/0001-76,"8,250,000.00",1 – 10 milhões,Atividades de contabilidade,196.00,51–200,"Avaré, São Paulo",[{'job_industry_list': {'industry': 'Retail'}}],https://www.linkedin.com/company/menegazzoambev,['Other'],Comércio a varejo de pneumáticos e câmaras-de-ar,1,"Comércio atacadista de sementes, flores, plantas e gramas",1
Pronta Serviços Contábeis,PRONTA SERVICOS CONTABEIS S/S,11.132.706/0001-23,"10,000.00",Até 100 mil,Comércio por atacado de peças e acessórios novos para veículos automotores,43.00,11–50,"Florianópolis, SC",[{'job_industry_list': {'industry': 'Accounting'}}],https://www.linkedin.com/company/prontasc,['Finance'],"Comércio varejista de produtos farmacêuticos, sem manipulação de fórmulas",1,Loteamento de imóveis próprios,1
Leão Diesel,LEAO DIESEL LTDA,78.592.532/0001-52,"30,352,600.00",10 – 100 milhões,Construção de edifícios,279.00,201–500,,[{'job_industry_list': {'industry': 'Motor Vehicle Manufacturing'}}],https://www.linkedin.com/company/le-o-diesel,['Sales'],"Fabricação de material elétrico e eletrônico para veículos automotores, exceto baterias",1,Fabricação de cal e gesso,1
VIC Engenharia,VIC ENGENHARIA S/A,12.086.678/0001-18,"21,200,000.00",10 – 100 milhões,Consultoria em tecnologia da informação,560.00,501–1000,"Belo Horizonte, Minas Gerais",[{'job_industry_list': {'industry': 'Civil Engineering'}}],https://www.linkedin.com/company/vic-engenharia,['Human Resources'],Fabricação de outros equipamentos e aparelhos elétricos não especificados anteriormente,2,Comércio a varejo de pneumáticos e câmaras-de-ar,1
Aiko,AIKO LOGIC BRASIL TECNOLOGIA E SISTEMAS LTDA,23.750.422/0001-80,"1,100,000.00",1 – 10 milhões,"Comércio atacadista de mercadorias em geral, com predominância de insumos agropecuários",137.00,51–200,"Belo Horizonte, Minas Gerais",[{'job_industry_list': {'industry': 'Software Development'}}],https://www.linkedin.com/company/aiko-brasil,"['Health Care Provider', 'Engineering and Information Technology', 'Management and Manufacturing']",Comércio atacadista de produtos alimentícios em geral,1,"Comércio varejista de produtos farmacêuticos, sem manipulação de fórmulas",1
CAMDA - Cooperativa Agropecuária,COOPERATIVA AGRICOLA MISTA DE ADAMANTINA,43.001.981/0001-02,0.00,Até 100 mil,Fabricação de rolamentos para fins industriais,495.00,201–500,,[{'job_industry_list': {'industry': 'Farming'}}],https://www.linkedin.com/company/camdaoficial,['Sales and Business Development'],Atividades de apoio à agricultura não especificadas anteriormente,1,"Fabricação de material elétrico e eletrônico para veículos automotores, exceto baterias",1
thyssenkrupp,THYSSENKRUPP BRASIL LTDA.,47.366.273/0001-18,0.00,Até 100 mil,Serviços advocatícios,"37,948.00",+10000,Essen,[{'job_industry_list': {'industry': 'Automation Machinery Manufacturing'}}],https://www.linkedin.com/company/thyssenkrupp,['Other'],Fabricação de defensivos agrícolas,2,Comércio atacadista de produtos alimentícios em geral,1
Oliveira & Antunes Advogados,OLIVEIRA & ANTUNES ADVOGADOS ASSOCIADOS,02.416.159/0001-17,"750,000.00",100 mil – 1 milhão,"Comércio varejista de mercadorias em geral, com predominância de produtos alimentícios - hipermercados",528.00,501–1000,"Blumenau, Santa Catarina",[{'job_industry_list': {'industry': 'Legal Services'}}],https://www.linkedin.com/company/oliveira-antunes,['Sales and Management'],Geração de energia elétrica,1,Atividades de apoio à agricultura não especificadas anteriormente,1
Havan,HAVAN S.A,79.379.491/0001-83,"700,000,000.00",100 milhões – 1 bilhão,"Atividades de intermediação e agenciamento de serviços e negócios em geral, exceto imobiliários","18,382.00",+10000,"Brusque, SC",[{'job_industry_list': {'industry': 'Retail'}}],https://www.linkedin.com/company/havanoficial,['Other'],Comércio varejista de animais vivos e de artigos e alimentos para animais de estimação,1,Geração de energia elétrica,1
CredAluga,CREDALUGA LTDA,46.361.179/0001-03,"400,000.00",100 mil – 1 milhão,"Comércio varejista de mercadorias em geral, com predominância de produtos alimentícios - supermercados",117.00,51–200,"Alphaville, São Paulo",[{'job_industry_list': {'industry': 'Financial Services'}}],https://www.linkedin.com/company/credaluga,['Management and Manufacturing'],"Fabricação de instrumentos não eletrônicos e utensílios para uso médico, cirúrgico, odontológico e de laboratório",1,Comércio varejista de animais vivos e de artigos e alimentos para animais de estimação,1
Confiança Supermercados,JAD ZOGHEIB & CIA LTDA,53.045.266/0001-17,"10,000,000.00",1 – 10 milhões,Comércio atacadista de carnes bovinas e suínas e derivados,"2,688.00",1001-5000,"Bauru, São Paulo",[{'job_industry_list': {'industry': 'Retail Groceries'}}],https://www.linkedin.com/company/redeconfianca,['Management and Manufacturing'],"Emissão de vales-alimentação, vales-transporte e similares",1,"Fabricação de instrumentos não eletrônicos e utensílios para uso médico, cirúrgico, odontológico e de laboratório",1
Delly's,OESA COMERCIO E REPRESENTACOES S/A,81.611.931/0001-28,"840,892,078.18",100 milhões – 1 bilhão,"Comércio varejista de cosméticos, produtos de perfumaria e de higiene pessoal","1,684.00",1001-5000,"Jaraguá do Sul, SC",[{'job_industry_list': {'industry': 'Wholesale'}}],https://www.linkedin.com/company/dellys-food-service,['Management and Manufacturing'],Educação superior - graduação e pós-graduação,2,"Emissão de vales-alimentação, vales-transporte e similares",1
Thérapi,THERAPI PRODUTOS PARA SAUDE E BEM ESTAR LTDA,52.906.753/0001-64,"100,000.00",Até 100 mil,Holdings de instituições não-financeiras,88.00,51–200,"Arroio Do Meio, Rio Grande do Sul",[{'job_industry_list': {'industry': 'Retail Health and Personal Care Products'}}],https://www.linkedin.com/company/therapioficial,['Production'],,,,
Aviva,AVIVA PARTICIPACOES LTDA,47.630.117/0001-12,"100,000.00",Até 100 mil,Holdings de instituições não-financeiras,"1,173.00",1001-5000,"RIO QUENTE , GOIAS",[{'job_industry_list': {'industry': 'Travel Arrangements'}}],https://www.linkedin.com/company/avivadestinos,['Other'],"Comércio atacadista de frutas, verduras, raízes, tubérculos, hortaliças e legumes frescos",,"Comércio atacadista de frutas, verduras, raízes, tubérculos, hortaliças e legumes frescos",
Terral Energia,TERRAL ENERGIA LTDA,13.098.848/0001-47,"179,732,823.00",100 milhões – 1 bilhão,Fabricação de calçados de couro,34.00,11–50,"Goiânia, Goiás",[{'job_industry_list': {'industry': 'Retail'}}],https://www.linkedin.com/company/terralenergia,['Other'],Corretoras de títulos e valores mobiliários,,Corretoras de títulos e valores mobiliários,
FCC,FCC - INDUSTRIA E COMERCIO LTDA.,03.281.950/0001-20,"7,330,000.00",1 – 10 milhões,Holdings de instituições não-financeiras,"1,814.00",1001-5000,"Campo Bom, Rio Grande do Sul",[{'job_industry_list': {'industry': 'Chemical Manufacturing'}}],https://www.linkedin.com/company/grupofcc,['Other'],"Fabricação de estufas e fornos elétricos para fins industriais, peças e acessórios",,"Fabricação de estufas e fornos elétricos para fins industriais, peças e acessórios",
Bioo,BIOO INVESTIMENTOS E PARTICIPACOES S.A.,54.176.984/0001-95,"77,412,468.00",10 – 100 milhões,Fabricação de artefatos de material plástico para uso pessoal e doméstico,48.00,11–50,"Porto Alegre, Rio Grande do Sul",[{'job_industry_list': {'industry': 'Consumer Services'}}],https://www.linkedin.com/company/bioobr,['Other'],Fabricação de caminhões e ônibus,,Fabricação de caminhões e ônibus,
ASTRA,ASTRA S A INDUSTRIA E COMERCIO,50.949.528/0001-80,"27,957,736.00",10 – 100 milhões,Hotéis,"2,620.00",1001-5000,"Jundiaí, São Paulo",[{'job_industry_list': {'industry': 'Construction'}}],https://www.linkedin.com/company/astraoficialbr,['Other'],Outras atividades de recreação e lazer não especificadas anteriormente,,Outras atividades de recreação e lazer não especificadas anteriormente,
Atlantica Hotels International,ATLANTICA HOTELS INTERNATIONAL BRASIL LTDA,02.223.966/0001-13,"13,110,198.00",10 – 100 milhões,"Tratamento de dados, provedores de serviços de aplicação e serviços de hospedagem na internet","1,921.00",1001-5000,"Barueri, São Paulo",[{'job_industry_list': {'industry': 'Travel Arrangements'}}],https://www.linkedin.com/company/atlanticahospitalityinternational,['Other'],"Fabricação de aparelhos e equipamentos de medida, teste e controle",,"Fabricação de aparelhos e equipamentos de medida, teste e controle",
Leads2b,LEADS2B S/A,11.378.117/0001-20,"218,878.00",100 mil – 1 milhão,Desenvolvimento de programas de computador sob encomenda,77.00,51–200,"Curitiba, Paraná",[{'job_industry_list': {'industry': 'IT Services and IT Consulting'}}],https://www.linkedin.com/company/leads2b,['Other'],Serviços de engenharia,,Serviços de engenharia,
Shift,SHIFT CONSULTORIA E SISTEMAS LTDA,67.190.660/0001-53,"150,000.00",100 mil – 1 milhão,Holdings de instituições não-financeiras,328.00,201–500,"São José do Rio Preto, São Paulo",[{'job_industry_list': {'industry': 'IT Services and IT Consulting'}}],https://www.linkedin.com/company/shift-pulsa-pela-vida,['Other'],"Produção de laminados longos de aço, exceto tubos",,"Produção de laminados longos de aço, exceto tubos",
Argenta,ARGENTA PARTICIPACOES LTDA,46.437.611/0001-00,"172,011,000.00",100 milhões – 1 bilhão,Desenvolvimento de programas de computador sob encomenda,"2,406.00",1001-5000,"Flores da Cunha, Rio Grande do Sul",[{'job_industry_list': {'industry': 'Retail'}}],https://www.linkedin.com/company/grupoargenta,['Other'],Serviços de comunicação multimídia - SCM,,Serviços de comunicação multimídia - SCM,
Zallpy Digital,ZALLPY SOFTWARE LTDA,11.174.360/0001-26,"390,000.00",100 mil – 1 milhão,"Confecção de peças de vestuário, exceto roupas íntimas e as confeccionadas sob medida",539.00,501–1000,"Porto Alegre, Rio Grande do Sul",[{'job_industry_list': {'industry': 'IT Services and IT Consulting'}}],https://www.linkedin.com/company/zallpy-digital,['Purchasing and Supply Chain'],Outras atividades auxiliares dos serviços financeiros não especificadas anteriormente,,Outras atividades auxiliares dos serviços financeiros não especificadas anteriormente,
Rovitex,ROVITEX IND E COM DE MALHAS LTDA,79.233.672/0001-05,"344,419,788.51",100 milhões – 1 bilhão,"Transporte rodoviário de carga, exceto produtos perigosos e mudanças, intermunicipal, interestadual e internacional","1,382.00",1001-5000,"Luís Alves, SC",[{'job_industry_list': {'industry': 'Textile Manufacturing'}}],https://www.linkedin.com/company/rovitex,['Marketing and Sales'],Outras atividades de ensino não especificadas anteriormente,,Outras atividades de ensino não especificadas anteriormente,
CTN Transportes,CTN TRANSPORTES LTDA,77.886.398/0001-30,"1,000,000.00",100 mil – 1 milhão,Gestão de ativos intangíveis não-financeiros,22.00,11–50,"Dionísio Cerqueira, Santa Catarina","[{'job_industry_list': {'industry': 'Transportation, Logistics, Supply Chain and Storage'}}]",https://www.linkedin.com/company/ctntransportes,['Human Resources'],"Comércio atacadista de máquinas, aparelhos e equipamentos para uso odonto-médico-hospitalar; partes e peças",,"Comércio atacadista de máquinas, aparelhos e equipamentos para uso odonto-médico-hospitalar; partes e peças",
MoveEdu,MOVEEDU INOVACAO E EDUCACAO LTDA,01.633.121/0001-33,"12,772,877.00",10 – 100 milhões,Atividades de organizações associativas patronais e empresariais,170.00,51–200,"São José do Rio Preto, São Paulo",[{'job_industry_list': {'industry': 'Education Administration Programs'}}],https://www.linkedin.com/company/moveedu,['Administrative'],Comércio varejista de material elétrico,,Comércio varejista de material elétrico,
CDL Empregos,FEDERACAO DAS CAMARAS DE DIRIGENTES LOJISTAS DE SC,82.895.970/0001-67,0.00,Até 100 mil,Agências de viagens,Não encontrado,+10000,,[{'job_industry_list': {'industry': 'Human Resources Services'}}],https://www.linkedin.com/company/cdlcaxias-empregos,['Sales and Business Development'],Fabricação de embalagens de material plástico,,Fabricação de embalagens de material plástico,
Rentcars,RENTCARS LTDA,10.998.234/0001-23,"99,800.00",Até 100 mil,Desenvolvimento e licenciamento de programas de computador não-customizáveis,370.00,201–500,Amsterdam,[{'job_industry_list': {'industry': 'Travel Arrangements'}}],https://www.linkedin.com/company/rentcars,['Legal'],"Fabricação de equipamentos hidráulicos e pneumáticos, peças e acessórios, exceto válvulas",,"Fabricação de equipamentos hidráulicos e pneumáticos, peças e acessórios, exceto válvulas",
Qive,ARQUIVEI SERVICOS ON LINE LTDA,19.427.033/0001-40,"227,850,234.00",100 milhões – 1 bilhão,Holdings de instituições não-financeiras,394.00,201–500,"São Carlos, São Paulo",[{'job_industry_list': {'industry': 'IT Services and IT Consulting'}}],https://www.linkedin.com/company/qive,['Sales and Business Development'],Correspondentes de instituições financeiras,,Correspondentes de instituições financeiras,
Zucchi Luxury Stones,ZUCCHI PARTICIPACOES S/A,13.808.776/0001-84,"15,994,650.00",10 – 100 milhões,Holdings de instituições não-financeiras,208.00,201–500,"Serra, Espírito Santo",[{'job_industry_list': {'industry': 'Wholesale Import and Export'}}],https://www.linkedin.com/company/zucchistones,['Production'],Fabricação de medicamentos alopáticos para uso humano,,Fabricação de medicamentos alopáticos para uso humano,
Corebiz,COREBIZ PARTICIPACOES LTDA.,31.392.778/0001-17,"9,358,247.00",1 – 10 milhões,Consultoria em tecnologia da informação,444.00,201–500,"Barueri, SP",[{'job_industry_list': {'industry': 'Advertising Services'}}],https://www.linkedin.com/company/corebiz-brasil,['Information Technology'],"Fabricação de tintas, vernizes, esmaltes e lacas",,"Fabricação de tintas, vernizes, esmaltes e lacas",
EVT,EVOLUTION IT SERVICES LTDA,03.244.339/0001-21,"2,000,000.00",1 – 10 milhões,"Tratamento de dados, provedores de serviços de aplicação e serviços de hospedagem na internet",329.00,201–500,"São Paulo, SP",[{'job_industry_list': {'industry': 'Computer and Network Security'}}],https://www.linkedin.com/company/evtit,['Engineering and Information Technology'],Fabricação de outros produtos alimentícios não especificados anteriormente,,Fabricação de outros produtos alimentícios não especificados anteriormente,
Trizy by nstech,TRIZY TECNOLOGIA EM LOGISTICA LTDA.,28.556.723/0001-90,"107,571,142.00",100 milhões – 1 bilhão,Fabricação de outros produtos de metal não especificados anteriormente,114.00,51–200,"Ponta Grossa, Paraná",[{'job_industry_list': {'industry': 'IT Services and IT Consulting'}}],https://www.linkedin.com/company/apptrizy,['Human Resources'],Atividades de apoio à extração de petróleo e gás natural,,Atividades de apoio à extração de petróleo e gás natural,
Isoeste Metálica,ISOESTE METALICA INDUSTRIA E COMERCIO LTDA,37.249.299/0001-22,"70,525,000.00",10 – 100 milhões,Corretagem na compra e venda e avaliação de imóveis,196.00,51–200,"Anápolis, Goiás",[{'job_industry_list': {'industry': 'Construction'}}],https://www.linkedin.com/company/isoeste-met%c3%a1lica,['Engineering and Information Technology'],Fabricação de produtos diversos não especificados anteriormente,,Fabricação de produtos diversos não especificados anteriormente,
Casa Imóveis,CASA IMOVEIS LTDA,01.233.796/0001-95,0.00,Até 100 mil,********,102.00,51–200,"Chapecó, SC",[{'job_industry_list': {'industry': 'Real Estate'}}],https://www.linkedin.com/company/imobili%c3%a1riacasaim%c3%b3veis,['Administrative'],Comércio atacadista de produtos odontológicos,,Comércio atacadista de produtos odontológicos,
CP Rocco,ROCCO & ROCCO LTDA,77.747.400/0001-90,0.00,Até 100 mil,Desenvolvimento e licenciamento de programas de computador customizáveis,23.00,11–50,"São José dos Pinhais, Paraná",[{'job_industry_list': {'industry': 'Retail Health and Personal Care Products'}}],https://www.linkedin.com/company/cp-rocco,['Health Care Provider'],Preparação de documentos e serviços especializados de apoio administrativo não especificados anteriormente,,Preparação de documentos e serviços especializados de apoio administrativo não especificados anteriormente,
EMPREGARE.com,HERO TECNOLOGIA LTDA,23.073.946/0001-83,"460,000.00",100 mil – 1 milhão,Desenvolvimento e licenciamento de programas de computador não-customizáveis,18.00,11–50,,[{'job_industry_list': {'industry': 'Software Development'}}],https://www.linkedin.com/company/empregare-com,['Management and Manufacturing'],Atividades de apoio à gestão de saúde,,Atividades de apoio à gestão de saúde,
Climba Commerce,CLIMBA SISTEMAS LTDA,14.311.217/0001-27,"5,000.00",Até 100 mil,Desenvolvimento e licenciamento de programas de computador customizáveis,25.00,11–50,"Braço do Norte, SC",[{'job_industry_list': {'industry': 'Consumer Services'}}],https://www.linkedin.com/company/climbacommerce,['Other'],Comércio varejista de ferragens e ferramentas,,Comércio varejista de ferragens e ferramentas,
Agrotis,AGROTIS AGROINFORMATICA S/A,82.413.816/0001-01,"3,000,000.00",1 – 10 milhões,"Corretores e agentes de seguros, de planos de previdência complementar e de saúde",296.00,201–500,"Curitiba, PR",[{'job_industry_list': {'industry': 'Software Development'}}],https://www.linkedin.com/company/softwareagrotis,"['Research, Analyst, and Information Technology']",Atividades de apoio à extração de minerais não metálicos,,Atividades de apoio à extração de minerais não metálicos,
REP Seguros Corporativos,"REP ENG - CONSULTORIA, GERENCIA DE RISCOS E CORRETORA DE SEGUROS LTDA",05.910.355/0001-31,"549,000.00",100 mil – 1 milhão,Desenvolvimento de programas de computador sob encomenda,97.00,51–200,"Novo Hamburgo, Rio Grande do Sul",[{'job_industry_list': {'industry': 'Insurance'}}],https://www.linkedin.com/company/repseguroscorporativos,['Other'],Comércio atacadista de cosméticos e produtos de perfumaria,,Comércio atacadista de cosméticos e produtos de perfumaria,
SYDLE,SYDLE SISTEMAS LTDA,07.322.276/0001-35,"3,000,000.00",1 – 10 milhões,Promoção de vendas,287.00,201–500,Global,[{'job_industry_list': {'industry': 'Software Development'}}],https://www.linkedin.com/company/sydle,['Marketing and Sales'],"Confecção de roupas profissionais, exceto sob medida",,"Confecção de roupas profissionais, exceto sob medida",
Wine Locals,SHAREEAT DESENVOLVIMENTO EM TECNOLOGIA DA INFORMACAO LTDA,32.603.492/0001-04,"4,529,651.00",1 – 10 milhões,Seleção e agenciamento de mão-de-obra,28.00,11–50,"Porto Alegre, Rio Grande do Sul",[{'job_industry_list': {'industry': 'IT Services and IT Consulting'}}],https://www.linkedin.com/company/winelocals,"['Marketing, Public Relations, and Writing/Editing']","Atividades auxiliares dos seguros, da previdência complementar e dos planos de saúde não especificadas anteriormente",,"Atividades auxiliares dos seguros, da previdência complementar e dos planos de saúde não especificadas anteriormente",
Virtus Exec,VIRTUS EXEC LTDA,58.650.212/0001-02,"1,000.00",Até 100 mil,Comércio atacadista de matérias-primas agrícolas não especificadas anteriormente,5.00,0–10,"Campinas, São Paulo",[{'job_industry_list': {'industry': 'Executive Search Services'}}],https://www.linkedin.com/company/virtusexec,['Business Development and Sales'],"Comércio varejista de produtos farmacêuticos, com manipulação de fórmulas",,"Comércio varejista de produtos farmacêuticos, com manipulação de fórmulas",
Agrofel,AGROFEL AGRO COMERCIAL S.A.,03.415.222/0001-63,"365,182,637.83",100 milhões – 1 bilhão,Fabricação de peças e acessórios para o sistema de direção e suspensão de veículos automotores,663.00,501–1000,"Petrópolis, Rio Grande do Sul",[{'job_industry_list': {'industry': 'Farming'}}],https://www.linkedin.com/company/agrofel,['Other'],"Fabricação de máquinas e equipamentos para a agricultura e pecuária, peças e acessórios, exceto para irrigação",,"Fabricação de máquinas e equipamentos para a agricultura e pecuária, peças e acessórios, exceto para irrigação",
Viemar Automotive,VIEMAR INDUSTRIA E COMERCIO LTDA,01.070.037/0001-59,"10,000,000.00",1 – 10 milhões,Fabricação de peças e acessórios para o sistema motor de veículos automotores,570.00,501–1000,"Viamão, Rio Grande do Sul",[{'job_industry_list': {'industry': 'Automation Machinery Manufacturing'}}],https://www.linkedin.com/company/viemar-automotive,['Other'],Pesquisa e desenvolvimento experimental em ciências físicas e naturais,,Pesquisa e desenvolvimento experimental em ciências físicas e naturais,
Riosulense,METALURGICA RIOSULENSE SA,85.778.074/0001-06,"80,371,785.20",10 – 100 milhões,Desenvolvimento e licenciamento de programas de computador customizáveis,618.00,501–1000,"Rio do Sul, Santa Catarina",[{'job_industry_list': {'industry': 'Motor Vehicle Manufacturing'}}],https://www.linkedin.com/company/riosulense,['Other'],"Fabricação de máquinas e equipamentos para uso industrial específico não especificados anteriormente, peças e acessórios",,"Fabricação de máquinas e equipamentos para uso industrial específico não especificados anteriormente, peças e acessórios",
Sólides,SOLIDES TECNOLOGIA S/A,10.461.302/0001-10,"150,000,000.00",100 milhões – 1 bilhão,Treinamento em desenvolvimento profissional e gerencial,"1,075.00",1001-5000,"Belo Horizonte, Minas Gerais",[{'job_industry_list': {'industry': 'Human Resources Services'}}],https://www.linkedin.com/company/solidesoficial,['Customer Service'],Comércio atacadista de artigos de escritório e de papelaria,,Comércio atacadista de artigos de escritório e de papelaria,
RHF Talentos - Unidade Foz do Iguaçu,TL CONSULTORIA EMPRESARIAL LTDA,37.335.534/0001-89,"10,000.00",Até 100 mil,"Agenciamento de profissionais para atividades esportivas, culturais e artísticas",9.00,0–10,"Foz do Iguaçu, Paraná",[{'job_industry_list': {'industry': 'Human Resources Services'}}],https://www.linkedin.com/company/rhf-talentos-foz-do-igua%c3%a7u,['Information Technology'],Fabricação de produtos de panificação industrial,,Fabricação de produtos de panificação industrial,
Onimusic,ONIMUSIC TECNOLOGIA E INTELIGENCIA DIGITAL LTDA,04.062.572/0001-56,"23,000.00",Até 100 mil,Atividades de contabilidade,51.00,51–200,"Nova Lima , Minas Gerais",[{'job_industry_list': {'industry': 'Musicians'}}],https://www.linkedin.com/company/onimusic,['Customer Service'],Outras atividades de serviços prestados principalmente às empresas não especificadas anteriormente,,Outras atividades de serviços prestados principalmente às empresas não especificadas anteriormente,
Senhor Contábil,SENHOR CONTABIL LTDA,24.233.534/0001-26,"10,000.00",Até 100 mil,"Fabricação de fogões, refrigeradores e máquinas de lavar e secar para uso doméstico, peças e acessórios",45.00,11–50,"CAMPINAS, SP",[{'job_industry_list': {'industry': 'Accounting'}}],https://www.linkedin.com/company/senhorcontabil,['Customer Service'],Comércio varejista de artigos de óptica,,Comércio varejista de artigos de óptica,
Suggar Eletrodomésticos,MADSON ELETROMETALURGICA LTDA,20.520.367/0002-24,0.00,Até 100 mil,"Comércio atacadista de sementes, flores, plantas e gramas",479.00,201–500,"Belo Horizonte, Minas Gerais",[{'job_industry_list': {'industry': 'Computers and Electronics Manufacturing'}}],https://www.linkedin.com/company/suggar-eletrodomesticos,['Marketing and Sales'],Comércio atacadista de máquinas e equipamentos para uso industrial; partes e peças,,Comércio atacadista de máquinas e equipamentos para uso industrial; partes e peças,
Cooperflora,COOPERFLORA-COOPERATIVA DOS FLORICULTORES,03.300.062/0001-07,"3,300.00",Até 100 mil,Loteamento de imóveis próprios,143.00,51–200,"Holambra, São Paulo",[{'job_industry_list': {'industry': 'Wholesale'}}],https://www.linkedin.com/company/cooperflora,['Accounting/Auditing and Finance'],"Comércio a varejo de automóveis, camionetas e utilitários novos",,"Comércio a varejo de automóveis, camionetas e utilitários novos",
BairrU,BAIRRU DAS CEREJEIRAS II SPE LTDA,34.167.158/0001-72,"13,431,000.00",10 – 100 milhões,Fabricação de cal e gesso,72.00,51–200,"Curitiba, Paraná",[{'job_industry_list': {'industry': 'Real Estate'}}],https://www.linkedin.com/company/bairru,['Administrative'],Transporte rodoviário de produtos perigosos,,Transporte rodoviário de produtos perigosos,
Caltec,CALTEC QUIMICA INDUSTRIAL S/A,03.713.592/0001-87,"62,766,000.00",10 – 100 milhões,Treinamento em desenvolvimento profissional e gerencial,287.00,201–500,"Itaperuçu, Paraná","[{'job_industry_list': {'industry': 'Manufacturing'}}, {'job_industry_list': {'industry': 'Marketing Services'}}]",https://www.linkedin.com/company/caltec-brasil,['Marketing and Sales'],Serviços de desenho técnico relacionados à arquitetura e engenharia,,Serviços de desenho técnico relacionados à arquitetura e engenharia,
Recruit.me_consultoria,RECRUITMENT - CONSULTORIA EMPRESARIAL LTDA,43.875.455/0001-63,"50,000.00",Até 100 mil,"Comércio atacadista de defensivos agrícolas, adubos, fertilizantes e corretivos do solo",1.00,0–10,,[{'job_industry_list': {'industry': 'Real Estate'}}],https://www.linkedin.com/company/recruitme-consultoria,['Business Development'],Outras obras de engenharia civil não especificadas anteriormente,,Outras obras de engenharia civil não especificadas anteriormente,
Cimoagro,CIMOAGRO-COMERCIO E REPRESENTACAO AGROPECUARIA LTDA.,02.523.485/0001-23,"30,000,000.00",10 – 100 milhões,Consultoria em tecnologia da informação,421.00,201–500,"Itápolis, São Paulo",[{'job_industry_list': {'industry': 'Farming'}}],https://www.linkedin.com/company/cimoagro,['Marketing and Sales'],Comércio varejista de madeira e artefatos,,Comércio varejista de madeira e artefatos,
who.,BRT TECNOLOGIA E SISTEMAS LTDA,00.182.213/0001-81,"3,092,000.00",1 – 10 milhões,Comércio a varejo de pneumáticos e câmaras-de-ar,"1,246.00",1001-5000,"Belo Horizonte, Minas Gerais",[{'job_industry_list': {'industry': 'IT Services and IT Consulting'}}],https://www.linkedin.com/company/who,['Management and Manufacturing'],Terminais rodoviários e ferroviários,,Terminais rodoviários e ferroviários,
Silcar Pneus,SILCAR PNEUS LTDA,54.376.462/0001-37,"10,000,000.00",1 – 10 milhões,********,206.00,201–500,"Sao Jose do Rio Preto, Sao Paulo",[{'job_industry_list': {'industry': 'Consumer Services'}}],https://www.linkedin.com/company/silcar-pneus-ltda,['Other'],"Fabricação de caldeiras geradoras de vapor, exceto para aquecimento central e para veículos",,"Fabricação de caldeiras geradoras de vapor, exceto para aquecimento central e para veículos",
Techshop,TECH SHOP INFORMATICA LTDA,01.397.810/0001-96,"20,000.00",Até 100 mil,"Comércio varejista de produtos farmacêuticos, sem manipulação de fórmulas",93.00,51–200,"Belo Horizonte, Minas Gerais",[{'job_industry_list': {'industry': 'Manufacturing'}}],https://www.linkedin.com/company/grupotechshop,['Analyst'],Coleta de resíduos perigosos,,Coleta de resíduos perigosos,
Farmácias Salute,SALUTE - COMERCIO DE MEDICAMENTOS LTDA,01.875.428/0001-40,"40,000.00",Até 100 mil,"Fabricação de material elétrico e eletrônico para veículos automotores, exceto baterias",40.00,11–50,"Pato Branco, Paraná",[{'job_industry_list': {'industry': 'Retail Health and Personal Care Products'}}],https://www.linkedin.com/company/farmaciassalute,['Sales'],Comércio atacadista de calçados,,Comércio atacadista de calçados,
Continental,CONTINENTAL BRASIL INDUSTRIA AUTOMOTIVA LTDA,48.754.139/0001-57,"785,036,061.00",100 milhões – 1 bilhão,Fabricação de outros equipamentos e aparelhos elétricos não especificados anteriormente,"79,911.00",+10000,"Hannover, Lower Saxony",[{'job_industry_list': {'industry': 'Automotive'}}],https://www.linkedin.com/company/continental,['Supply Chain'],Beneficiamento de minério de metais preciosos,,Beneficiamento de minério de metais preciosos,
PROAUTO Electric,PROAUTO ELECTRIC LTDA,68.912.740/0001-38,"100,000.00",Até 100 mil,Desenvolvimento e licenciamento de programas de computador não-customizáveis,121.00,51–200,"Sorocaba, SP",[{'job_industry_list': {'industry': 'Automation Machinery Manufacturing'}}],https://www.linkedin.com/company/proautoelectric,['Management and Manufacturing'],"Fabricação de cabines, carrocerias e reboques para outros veículos automotores, exceto caminhões e ônibus",,"Fabricação de cabines, carrocerias e reboques para outros veículos automotores, exceto caminhões e ônibus",
emiteaí,EMITEAI SOLUCOES EM TECNOLOGIA LTDA,38.306.492/0001-10,"50,000.00",Até 100 mil,Comércio atacadista de produtos alimentícios em geral,46.00,11–50,"Blumenau, SC",[{'job_industry_list': {'industry': 'IT Services and IT Consulting'}}],https://www.linkedin.com/company/emiteai,['Project Management and Information Technology'],"Agenciamento de cargas, exceto para o transporte marítimo",,"Agenciamento de cargas, exceto para o transporte marítimo",
Diskpan,COMERCIAL DISKPAN LTDA,02.691.482/0001-07,"2,200,000.00",1 – 10 milhões,Atividades de apoio à agricultura não especificadas anteriormente,115.00,51–200,"Cariacica, Espírito Santo",[{'job_industry_list': {'industry': 'Advertising Services'}}],https://www.linkedin.com/company/comercial-diskpan-ltda,['Marketing and Sales'],Comércio varejista de brinquedos e artigos recreativos,,Comércio varejista de brinquedos e artigos recreativos,
AGTech agrotecnologia,AGTECH SOLUCOES AGROTECNOLOGICAS LTDA,21.495.055/0001-90,"100,000.00",Até 100 mil,Atividades de contabilidade,197.00,51–200,"São José do Rio Preto, SP",[{'job_industry_list': {'industry': 'Farming'}}],https://www.linkedin.com/company/grupoagtech,['Business Development and Sales'],"Transporte rodoviário coletivo de passageiros, com itinerário fixo, intermunicipal, exceto em região metropolitana",,"Transporte rodoviário coletivo de passageiros, com itinerário fixo, intermunicipal, exceto em região metropolitana",
RG Contadores Associados,RG CONTADORES ASSOCIADOS S/S,83.713.123/0001-05,"100,000.00",Até 100 mil,Serviços combinados de escritório e apoio administrativo,94.00,51–200,"Florianópolis, SC",[{'job_industry_list': {'industry': 'Accounting'}}],https://www.linkedin.com/company/rgcontadores,['Business Development and Sales'],Estacionamento de veículos,,Estacionamento de veículos,
Atlântica Agroindustrial,ATLANTICA AGROINDUSTRIAL LTDA,01.588.098/0001-02,"9,000,000.00",1 – 10 milhões,Fabricação de defensivos agrícolas,254.00,201–500,"Fortaleza, Ceará",[{'job_industry_list': {'industry': 'Food and Beverage Services'}}],https://www.linkedin.com/company/atlantica-agroindustrial,['Other'],"Sociedades de crédito, financiamento e investimento - financeiras",,"Sociedades de crédito, financiamento e investimento - financeiras",
Bioma,BIOMA INDUSTRIA COMERCIO E DISTRIBUICAO LTDA,14.833.690/0001-74,"375,000,000.00",100 milhões – 1 bilhão,Atividades de contabilidade,445.00,201–500,"Fazenda Rio Grande, Paraná",[{'job_industry_list': {'industry': 'Biotechnology Research'}}],https://www.linkedin.com/company/bioma-agro,['Quality Assurance'],Preparação e fiação de fibras de algodão,,Preparação e fiação de fibras de algodão,
GESTCOM BPO,GESTCOM CONTABILIDADE CONSULTORIA BPO LTDA,42.008.640/0001-98,"110,000.00",100 mil – 1 milhão,Geração de energia elétrica,26.00,11–50,"Goiania, Goias",[{'job_industry_list': {'industry': 'Accounting'}}],https://www.linkedin.com/company/gestcom-bpo,['Marketing and Sales'],Comércio atacadista de ferragens e ferramentas,,Comércio atacadista de ferragens e ferramentas,
COGECOM,COOPERATIVA DE GERACAO COMPARTILHADA COGECOM,28.307.135/0001-13,"2,000.00",Até 100 mil,Comércio varejista de animais vivos e de artigos e alimentos para animais de estimação,111.00,51–200,"Curitiba, Paraná",[{'job_industry_list': {'industry': 'Renewable Energy Power Generation'}}],https://www.linkedin.com/company/cogecomenergia,['Other'],Atividades de fornecimento de infra-estrutura de apoio e assistência a paciente no domicílio,,Atividades de fornecimento de infra-estrutura de apoio e assistência a paciente no domicílio,
Petlove,PETSUPERMARKET COMERCIO DE PRODUTOS PARA ANIMAIS LTDA,10.864.846/0001-23,"975,572,190.00",100 milhões – 1 bilhão,"Fabricação de instrumentos não eletrônicos e utensílios para uso médico, cirúrgico, odontológico e de laboratório","2,046.00",1001-5000,"São paulo, SP",[{'job_industry_list': {'industry': 'Retail'}}],https://www.linkedin.com/company/petlove,['Other'],Pesquisa e desenvolvimento experimental em ciências sociais e humanas,,Pesquisa e desenvolvimento experimental em ciências sociais e humanas,
FirstLab,FIRSTLAB INDUSTRIA IMPORTACAO E EXPORTACAO DE PRODUTOS PARA LABORATORIOS LTDA,27.089.709/0001-61,"35,000,000.00",10 – 100 milhões,"Emissão de vales-alimentação, vales-transporte e similares",103.00,51–200,"Pinhais, Paraná",[{'job_industry_list': {'industry': 'Wellness and Fitness Services'}}],https://www.linkedin.com/company/firstlab,['Other'],Fabricação de móveis com predominância de madeira,,Fabricação de móveis com predominância de madeira,
Raiô Benefícios,RAIO BENEFICIOS LTDA,49.854.823/0001-73,"1,000.00",Até 100 mil,Educação superior - graduação e pós-graduação,67.00,51–200,,[{'job_industry_list': {'industry': 'Insurance and Employee Benefit Funds'}}],https://www.linkedin.com/company/raio-beneficios,['Sales and Business Development'],Fabricação de desinfestantes domissanitários,,Fabricação de desinfestantes domissanitários,
Join LinkedIn,REHAGRO - RECURSOS HUMANOS NO AGRONEGOCIO S.A.,05.473.134/0001-43,"21,508,761.00",10 – 100 milhões,,Não encontrado,+10000,Não encontrada,[{'job_industry_list': {'industry': 'Education'}}],https://www.linkedin.com/school/rehagro/,['Sales'],Atividades do Operador Portuário,,Atividades do Operador Portuário,
Mi Garba!,MI GARBA BRASIL LTDA,27.953.679/0001-90,"100,000.00",Até 100 mil,Fabricação de outros equipamentos e aparelhos elétricos não especificados anteriormente,13.00,11–50,"Belo Horizonte, Minas Gerais",[{'job_industry_list': {'industry': 'Travel Arrangements'}}],https://www.linkedin.com/company/migarbagelateria,['Management and Manufacturing'],Comissaria de despachos,,Comissaria de despachos,
Seyconel Industrial Automation,SEYCONEL AUTOMACAO INDUSTRIAL LTDA.,02.640.010/0001-17,"360,000.00",100 mil – 1 milhão,"Comércio atacadista de frutas, verduras, raízes, tubérculos, hortaliças e legumes frescos",97.00,51–200,"Colombo, PR",[{'job_industry_list': {'industry': 'Automation Machinery Manufacturing'}}],https://www.linkedin.com/company/seyconeloficial,['Management and Manufacturing'],Atividades de cobrança e informações cadastrais,,Atividades de cobrança e informações cadastrais,
Extrafruti,EXTRAFRUTI S/A - COMERCIO DE HORTIFRUTIGRANJEIROS,06.175.064/0001-00,"13,665,539.28",10 – 100 milhões,Corretoras de títulos e valores mobiliários,547.00,501–1000,"Viana, ES",[{'job_industry_list': {'industry': 'Consumer Services'}}],https://www.linkedin.com/company/extrafruti,['Administrative'],Fabricação de baterias e acumuladores para veículos automotores,,Fabricação de baterias e acumuladores para veículos automotores,
EQI INVESTIMENTOS,EQI INVESTIMENTOS CORRETORA DE TITULOS E VALORES MOBILIARIOS S.A.,47.965.438/0001-78,"115,000,000.00",100 milhões – 1 bilhão,"Fabricação de estufas e fornos elétricos para fins industriais, peças e acessórios","1,201.00",1001-5000,"Itajaí, SC",[{'job_industry_list': {'industry': 'Financial Services'}}],https://www.linkedin.com/company/eqi-investimentos,['Other'],Fabricação de estruturas metálicas,,Fabricação de estruturas metálicas,
Prática,PRATICA PRODUTOS S.A.,08.574.411/0001-00,"29,068,287.53",10 – 100 milhões,Fabricação de caminhões e ônibus,"1,650.00",1001-5000,"Pouso Alegre, MG",[{'job_industry_list': {'industry': 'Automation Machinery Manufacturing'}}],https://www.linkedin.com/company/praticabr,['Other'],Atividade odontológica,,Atividade odontológica,
Scania Latin America,SCANIA LATIN AMERICA LTDA,59.104.901/0001-76,"362,498,350.00",100 milhões – 1 bilhão,Outras atividades de recreação e lazer não especificadas anteriormente,"3,466.00",1001-5000,"São Bernardo do Campo, São Paulo",[{'job_industry_list': {'industry': 'Motor Vehicle Manufacturing'}}],https://www.linkedin.com/company/scania-latinamerica,['Management and Manufacturing'],Fabricação de periféricos para equipamentos de informática,,Fabricação de periféricos para equipamentos de informática,
Clube Candeias,CANDEIAS ESPORTE LAZER E RECREACAO,43.446.434/0001-22,0.00,Até 100 mil,"Fabricação de aparelhos e equipamentos de medida, teste e controle",576.00,501–1000,"Itajaí, Santa Catarina",[{'job_industry_list': {'industry': 'Travel Arrangements'}}],https://www.linkedin.com/company/clubecandeiasoficial,['Other'],Fabricação de vinho,,Fabricação de vinho,
Authomathika,AUTHOMATHIKA SISTEMAS DE CONTROLE LTDA,03.119.551/0001-67,"500,000.00",100 mil – 1 milhão,Serviços de engenharia,154.00,51–200,"Sertãozinho, São Paulo",[{'job_industry_list': {'industry': 'Consumer Services'}}],https://www.linkedin.com/company/authomathika-epc,['Other'],Fabricação de produtos químicos orgânicos não especificados anteriormente,,Fabricação de produtos químicos orgânicos não especificados anteriormente,
Hect,HORMIGON HECT ENGENHARIA LTDA,07.247.201/0001-37,"500,000.00",100 mil – 1 milhão,Promoção de vendas,106.00,51–200,"Belo Horizonte, MG",[{'job_industry_list': {'industry': 'Business Consulting and Services'}}],https://www.linkedin.com/company/hectconsultoria,['Accounting/Auditing'],Educação infantil - pré-escola,,Educação infantil - pré-escola,
ENELO,ENELO SOLUCOES EM ENERGIAS RENOVAVEIS LTDA,45.460.285/0001-81,"500,000.00",100 mil – 1 milhão,,45.00,11–50,"Campinas, SP",[{'job_industry_list': {'industry': 'Services for Renewable Energy'}}],https://www.linkedin.com/company/eneloenergia,['Sales and Business Development'],Fornecimento de alimentos preparados preponderantemente para empresas,,Fornecimento de alimentos preparados preponderantemente para empresas,
INFLOR,INFLOR CONSULTORIA E SISTEMAS LTDA,04.643.363/0001-04,"200,000.00",100 mil – 1 milhão,"Produção de laminados longos de aço, exceto tubos",128.00,51–200,"Vitoria, ES",[{'job_industry_list': {'industry': 'IT Services and IT Consulting'}}],https://www.linkedin.com/company/inflor,['Other'],Comércio atacadista de máquinas e equipamentos para uso comercial; partes e peças,,Comércio atacadista de máquinas e equipamentos para uso comercial; partes e peças,
Gerdau,GERDAU S.A.,33.611.500/0001-19,"24,347,290,800.00",Acima de 1 bilhão,"Transporte rodoviário de carga, exceto produtos perigosos e mudanças, intermunicipal, interestadual e internacional","21,797.00",+10000,"São Paulo, São Paulo",[{'job_industry_list': {'industry': 'Mining'}}],https://www.linkedin.com/company/gerdau,['Management and Manufacturing'],Fabricação de sabões e detergentes sintéticos,,Fabricação de sabões e detergentes sintéticos,
BBM Logística,BBM LOGISTICA S.A,01.107.327/0001-20,"102,489,376.00",100 milhões – 1 bilhão,"Comércio varejista de mercadorias em geral, com predominância de produtos alimentícios - hipermercados","1,714.00",1001-5000,"São José dos Pinhais, Paraná",[{'job_industry_list': {'industry': 'Truck Transportation'}}],https://www.linkedin.com/company/bbm-log%c3%adstica-s.a,['Education and Training'],Motéis,,Motéis,
Atacadão,ATACADAO S.A.,75.315.333/0001-09,"17,304,241,526.26",Acima de 1 bilhão,Treinamento em desenvolvimento profissional e gerencial,"58,645.00",+10000,"São Paulo, SP",[{'job_industry_list': {'industry': 'Retail Groceries'}}],https://www.linkedin.com/company/atacadao,['Other'],Comercio varejista de artigos de armarinho,,Comercio varejista de artigos de armarinho,
DG Recursos Humanos,DG DESENVOLVIMENTO HUMANO - LTDA,39.976.695/0001-87,"20,000.00",Até 100 mil,Agências de publicidade,7.00,0–10,,[{'job_industry_list': {'industry': 'Human Resources'}}],https://www.linkedin.com/company/daniela-grolli,"['Business Development and Sales', 'Research, Analyst, and Information Technology']","Fabricação de produtos de papel, cartolina, papel cartão e papelão ondulado para uso comercial e de escritório, exceto formulário contínuo",,"Fabricação de produtos de papel, cartolina, papel cartão e papelão ondulado para uso comercial e de escritório, exceto formulário contínuo",
Workers Retail Branding,SENZA COMUNICACAO LTDA,82.348.210/0001-30,"10,000.00",Até 100 mil,"Atividades de intermediação e agenciamento de serviços e negócios em geral, exceto imobiliários",20.00,11–50,"Curitiba, Paraná","[{'job_industry_list': {'industry': 'Design'}}, {'job_industry_list': {'industry': 'Advertising Services'}}]",https://www.linkedin.com/company/workersretailbranding,"['Design, Art/Creative, and Information Technology']",Fabricação de outros produtos têxteis não especificados anteriormente,,Fabricação de outros produtos têxteis não especificados anteriormente,
Motorista PX,PX AGENCIAMENTO DE SERVICOS S.A.,34.259.615/0001-59,"15,715,737.00",10 – 100 milhões,Serviços de comunicação multimídia - SCM,557.00,501–1000,"Joinville, SC","[{'job_industry_list': {'industry': 'Transportation, Logistics, Supply Chain and Storage'}}]",https://www.linkedin.com/company/motoristapx,['Human Resources'],,,,
Internet Way®,WAY.COM PROVEDOR BANDA LARGA LTDA,11.372.464/0001-45,"95,400.00",Até 100 mil,,160.00,51–200,"Marilia, São Paulo",[{'job_industry_list': {'industry': 'Telecommunications'}}],https://www.linkedin.com/company/internetway,['Quality Assurance'],,,,
CRD Medicina Diagnóstica,ASSOCIACAO ANTONIO VIEIRA,01.586.380/0001-50,0.00,Até 100 mil,Outras atividades auxiliares dos serviços financeiros não especificadas anteriormente,172.00,51–200,"Goiânia, Goiás",[{'job_industry_list': {'industry': 'Wellness and Fitness Services'}}],https://www.linkedin.com/company/crd-medicina-diagnostica,['Other'],,,,
Join LinkedIn,CRD - CENTRO DE RECURSOS DIAGNOSTICOS LTDA,92.959.006/0001-09,"18,700,000.00",10 – 100 milhões,Outras atividades de ensino não especificadas anteriormente,Não encontrado,+10000,Não encontrada,[{'job_industry_list': {'industry': 'Education Administration Programs'}}],https://www.linkedin.com/school/universidade-do-vale-do-rio-dos-sinos/,['Other'],,,,
Efí Bank,EFI S.A. - INSTITUICAO DE PAGAMENTO,09.089.356/0001-18,"37,726,636.00",10 – 100 milhões,"Comércio atacadista de máquinas, aparelhos e equipamentos para uso odonto-médico-hospitalar; partes e peças",506.00,501–1000,"São Paulo, SP",[{'job_industry_list': {'industry': 'Financial Services'}}],https://www.linkedin.com/company/sejaefi,['Information Technology'],,,,
Imex Medical,IMX INDUSTRIA E COMERCIO LTDA,51.577.256/0001-05,"10,300,000.00",10 – 100 milhões,Treinamento em desenvolvimento profissional e gerencial,81.00,51–200,"São José, Santa Catarina",[{'job_industry_list': {'industry': 'Machinery Manufacturing'}}],https://www.linkedin.com/company/imex-medical-brasil,['Sales'],,,,
Delta DRH,DELTA RECRUTAMENTO SELECAO E TREINAMENTO LTDA,37.263.363/0001-20,"1,000.00",Até 100 mil,Comércio varejista de material elétrico,7.00,0–10,"NOVA ODESSA, SP",[{'job_industry_list': {'industry': 'Human Resources Services'}}],https://www.linkedin.com/company/delta-desenvolvimento,['Business Development and Sales'],,,,
WHS,WHS EQUIPAMENTOS ELETRICOS LTDA,45.816.152/0001-03,"300,000.00",100 mil – 1 milhão,Fabricação de embalagens de material plástico,696.00,501–1000,"Williams, Ca","[{'job_industry_list': {'industry': 'Electric Power Transmission, Control, and Distribution'}}]",https://www.linkedin.com/company/whs,['Other'],,,,
Multinova,MULTINOVA - INDUSTRIA DE EMBALAGENS PLASTICAS LTDA.,92.475.250/0001-04,"10,000,000.00",1 – 10 milhões,"Fabricação de equipamentos hidráulicos e pneumáticos, peças e acessórios, exceto válvulas",351.00,201–500,"Farroupilha, Rio Grande do Sul",[{'job_industry_list': {'industry': 'Plastics Manufacturing'}}],https://www.linkedin.com/company/multinova-solucoes,['Human Resources'],,,,
PHM Indústria,PHM INDUSTRIA LTDA,06.192.156/0001-06,"150,000.00",100 mil – 1 milhão,Agências de publicidade,22.00,11–50,"Belo Horizonte, Minas Gerais",[{'job_industry_list': {'industry': 'Mining'}}],https://www.linkedin.com/company/phmbombas,['Sales and Business Development'],,,,
Conecta Ads,CONECTA ADS LTDA,38.000.534/0001-90,"50,000.00",Até 100 mil,Seleção e agenciamento de mão-de-obra,61.00,51–200,"Blumenau, Santa Catarina",[{'job_industry_list': {'industry': 'Marketing Services'}}],https://www.linkedin.com/company/conectaadsoficial,['Consulting'],,,,
talent's club,TRECHAU CONSULTORIA & SOLUCOES ORGANIZACIONAIS LTDA,42.719.204/0001-27,"20,000.00",Até 100 mil,Comércio varejista especializado de equipamentos de telefonia e comunicação,36.00,11–50,"Rio de Janeiro, Rio de Janeiro",[{'job_industry_list': {'industry': 'Human Resources'}}],https://www.linkedin.com/company/talentsclub,['Information Technology'],,,,
Netglobe Hybrid Workplace,NETGLOBE COMPUTER SERVICE LTDA,03.869.628/0001-16,"1,000,000.00",100 mil – 1 milhão,Correspondentes de instituições financeiras,70.00,51–200,"Campinas, São Paulo",[{'job_industry_list': {'industry': 'Computer and Network Security'}}],https://www.linkedin.com/company/netglobe,"['Information Technology', 'Legal']",,,,
Solução Financeira,SOLUCAO FINANCEIRA LTDA.,42.904.669/0001-58,"10,000.00",Até 100 mil,Consultoria em tecnologia da informação,431.00,201–500,"Campo Mourão, Paraná",[{'job_industry_list': {'industry': 'Financial Services'}}],https://www.linkedin.com/company/solucaofinanceirabr,['Sales and Business Development'],,,,
Apter,APTER TECNOLOGIA E INOVACAO LTDA.,25.115.875/0001-60,"50,000.00",Até 100 mil,Comércio varejista de artigos do vestuário e acessórios,135.00,51–200,"Sorocaba, SP",[{'job_industry_list': {'industry': 'Professional Services'}}],https://www.linkedin.com/company/apterconsultoria,['Finance'],,,,
Secret Outlet,SECRET SHOP COMERCIO DE MODA LTDA,11.277.524/0001-40,"3,225,132.00",1 – 10 milhões,Fabricação de medicamentos alopáticos para uso humano,55.00,51–200,,[{'job_industry_list': {'industry': 'Retail'}}],https://www.linkedin.com/company/secret-outlet,[],,,,
Catalent,CATALENT BRASIL LTDA.,45.569.555/0001-97,"136,330,880.00",100 milhões – 1 bilhão,"Fabricação de tintas, vernizes, esmaltes e lacas","12,960.00",+10000,"Somerset, NJ",[{'job_industry_list': {'industry': 'Biotechnology Research and Pharmaceutical Manufacturing'}}],https://www.linkedin.com/company/catalent,['Management and Manufacturing'],,,,
Sherwin-Williams,SHERWIN-WILLIAMS DO BRASIL INDUSTRIA E COMERCIO LTDA.,60.872.306/0001-60,"708,321,529.00",100 milhões – 1 bilhão,Fabricação de outros produtos alimentícios não especificados anteriormente,"46,853.00",+10000,"Cleveland, OH",[{'job_industry_list': {'industry': 'Chemical Manufacturing'}}],https://www.linkedin.com/company/sherwin-williams,['Management and Manufacturing'],,,,
Basecol Mix,BASECOL-MIX INDUSTRIA E COMERCIO DE ALIMENTOS LTDA,10.549.481/0001-42,"500,000.00",100 mil – 1 milhão,Desenvolvimento e licenciamento de programas de computador customizáveis,25.00,11–50,"Botucatu, São Paulo",[{'job_industry_list': {'industry': 'Food and Beverage Manufacturing'}}],https://www.linkedin.com/company/basecolmix,['Production'],,,,
Finanblue,FINANBLUE DO BRASIL LTDA,10.201.257/0001-65,"10,000.00",Até 100 mil,Atividades de apoio à extração de petróleo e gás natural,37.00,11–50,"Curitiba, Paraná",[{'job_industry_list': {'industry': 'IT Services and IT Consulting'}}],https://www.linkedin.com/company/grupo-finanblue,['Engineering and Information Technology'],,,,
Perbras,PERBRAS EMPRESA BRASILEIRA DE PERFURACOES LTDA,15.126.451/0001-47,"30,009,016.00",10 – 100 milhões,Fabricação de defensivos agrícolas,"3,347.00",1001-5000,"Catu,  Bahia",[{'job_industry_list': {'industry': 'Oil and Gas'}}],https://www.linkedin.com/company/perbras,['Engineering and Information Technology'],,,,
Simbiose,SIMBIOSE BIOCIENCIAS S/A,08.879.643/0001-69,"1,515,306.00",1 – 10 milhões,Fabricação de produtos diversos não especificados anteriormente,554.00,501–1000,"Cruz Alta , Rio Grande do Sul",[{'job_industry_list': {'industry': 'Biotechnology Research'}}],https://www.linkedin.com/company/simbioseagro,['Business Development and Sales'],,,,
Ambar,AMBAR TECH PARTICIPACOES S.A,17.939.395/0001-95,"292,641,134.00",100 milhões – 1 bilhão,Desenvolvimento e licenciamento de programas de computador não-customizáveis,527.00,501–1000,"São Carlos, São Paulo",[{'job_industry_list': {'industry': 'Civil Engineering'}}],https://www.linkedin.com/company/ambartech,['Other'],,,,
AllStrategy,ALLSTRATEGY SOLUCOES EM INFORMATICA LTDA,05.563.889/0001-39,"500,000.00",100 mil – 1 milhão,Serviços de assistência social sem alojamento,147.00,51–200,"Curitiba, Paraná",[{'job_industry_list': {'industry': 'Software Development'}}],https://www.linkedin.com/company/allstrategy,['Engineering and Information Technology'],,,,
Hcor,ASSOCIACAO BENEFICENTE SIRIA,60.453.024/0001-28,0.00,Até 100 mil,Comércio atacadista de produtos odontológicos,"3,228.00",1001-5000,"São Paulo, SP",[{'job_industry_list': {'industry': 'Wellness and Fitness Services'}}],https://www.linkedin.com/company/hcor,['Other'],,,,
Dental Paulista,DISTRIBUIDORA DENTAL PAULISTA LTDA,00.207.952/0001-80,"8,000.00",Até 100 mil,Desenvolvimento e licenciamento de programas de computador customizáveis,29.00,11–50,"Curitiba, Paraná",[{'job_industry_list': {'industry': 'Wellness and Fitness Services'}}],https://www.linkedin.com/company/dental-paulista,['Sales and Business Development'],,,,
Mercafacil,INOVATECH NETWORK S/A,12.980.776/0001-02,"39,291,052.00",10 – 100 milhões,Desenvolvimento e licenciamento de programas de computador não-customizáveis,198.00,51–200,"Curitiba, Paraná",[{'job_industry_list': {'industry': 'IT Services and IT Consulting'}}],https://www.linkedin.com/company/mercafacil,['Other'],,,,
AltoQi,S3ENG - TECNOLOGIA APLICADA A ENGENHARIA LTDA,04.305.879/0001-30,"26,161,617.00",10 – 100 milhões,Desenvolvimento e licenciamento de programas de computador não-customizáveis,370.00,201–500,"Florianópolis, Santa Catarina",[{'job_industry_list': {'industry': 'Software Development'}}],https://www.linkedin.com/company/altoqi-tecnologia,['Marketing and Sales'],,,,
NEXTI,NEXTI DESENVOLVIMENTO DE SISTEMAS S.A.,25.322.949/0001-39,"49,900,427.00",10 – 100 milhões,Serviços de assistência social sem alojamento,153.00,51–200,"São José, Santa Catarina",[{'job_industry_list': {'industry': 'IT Services and IT Consulting'}}],https://www.linkedin.com/company/sejanexti,['Finance and Sales'],,,,
ITEMM - Instituto Técnico Educacional Mirian Menchini,INSTITUTO TECNICO EDUCACIONAL MIRIAN MENCHINI,23.499.413/0001-68,0.00,Até 100 mil,Preparação de documentos e serviços especializados de apoio administrativo não especificados anteriormente,213.00,201–500,"Sorocaba, São Paulo",[{'job_industry_list': {'industry': 'Non-profit Organizations'}}],https://www.linkedin.com/company/itemm,['Finance and Sales'],,,,
CASTRO,CASTRO SERVICOS LTDA,54.416.421/0001-27,"150,000.00",100 mil – 1 milhão,Treinamento em desenvolvimento profissional e gerencial,384.00,201–500,,[{'job_industry_list': {'industry': 'Strategic Management Services'}}],https://www.linkedin.com/company/castro,['Other'],,,,
Radar da Gestão,RADAR DA GESTAO LTDA,15.178.126/0001-28,"93,700.00",Até 100 mil,Atividades de apoio à gestão de saúde,30.00,11–50,Curitiba,[{'job_industry_list': {'industry': 'Human Resources Services'}}],https://www.linkedin.com/company/radardagestao,['Business Development and Sales'],,,,
AdviceHealth,GESTAO OPME LTDA,13.757.898/0001-99,"10,800,000.00",10 – 100 milhões,Desenvolvimento de programas de computador sob encomenda,268.00,201–500,"Florianópolis, SC",[{'job_industry_list': {'industry': 'IT Services and IT Consulting'}}],https://www.linkedin.com/company/adviceh,"['Analyst', 'Administrative']",,,,
Raro Labs,RARO RECRUTAMENTO EM TI LTDA.,31.611.467/0001-00,"50,000.00",Até 100 mil,Seleção e agenciamento de mão-de-obra,250.00,201–500,"Belo Horizonte, MG",[{'job_industry_list': {'industry': 'IT Services and IT Consulting'}}],https://www.linkedin.com/company/raro-labs,['Information Technology'],,,,
SGF Global,SGF GLOBAL BRASIL RECRUTAMENTO E SELECAO LTDA,26.713.382/0001-94,"352,000.00",100 mil – 1 milhão,Desenvolvimento e licenciamento de programas de computador customizáveis,745.00,501–1000,"Hallandale Beach, Florida",[{'job_industry_list': {'industry': 'Staffing and Recruiting'}}],https://www.linkedin.com/company/sgf-global,['Information Technology'],,,,
Sisloc Softwares,SISLOC SOFTWARES LTDA,24.013.278/0001-61,"100,000.00",Até 100 mil,"Aluguel de outras máquinas e equipamentos comerciais e industriais não especificados anteriormente, sem operador",159.00,51–200,"Belo Horizonte, Minas Gerais",[{'job_industry_list': {'industry': 'Software Development'}}],https://www.linkedin.com/company/sisloc-softwares,['Sales'],,,,
Lafaete Locação,UNIAO COMERCIAL BARAO S/A LOCACAO E EMPREENDIMENTOS,24.013.278/0001-61,"36,000,000.00",10 – 100 milhões,"Aluguel de outras máquinas e equipamentos comerciais e industriais não especificados anteriormente, sem operador",506.00,501–1000,"Belo Horizonte, Minas Gerais",[{'job_industry_list': {'industry': 'Construction'}}],https://www.linkedin.com/company/lafaetelocacao,['Human Resources'],,,,
MTOWER - Solar lighting towers,UNIAO COMERCIAL BARAO S/A LOCACAO E EMPREENDIMENTOS,51.648.939/0001-06,"36,000,000.00",10 – 100 milhões,********,63.00,51–200,"Belo Horizonte, Minas Gerais",[{'job_industry_list': {'industry': 'Machinery Manufacturing'}}],https://www.linkedin.com/company/mtowerlight,['Purchasing'],,,,
Contabens,CONTABENS CONTABILIDADE E ADMINISTRACAO DE BENS SC LTDA,16.678.109/0001-12,0.00,Até 100 mil,Comércio varejista de ferragens e ferramentas,139.00,51–200,"Rio do Sul, Santa Catarina",[{'job_industry_list': {'industry': 'Accounting'}}],https://www.linkedin.com/company/contabens,['Accounting/Auditing'],,,,
DRV Indústrias,DIEGO RICARDO VIEIRA COMERCIO E INDUSTRIA DE FACAS E SERRAS LTDA,16.678.109/0001-12,"440,000.00",100 mil – 1 milhão,Comércio varejista de ferragens e ferramentas,4.00,0–10,"Curitiba, Paraná",[{'job_industry_list': {'industry': 'Industrial Machinery Manufacturing'}}],https://www.linkedin.com/company/drv-ind%c3%bastrias,['Management and Manufacturing'],,,,
VRental,VRENTAL LOCACAO DE MAQUINAS E EQUIPAMENTOS S/A,41.570.356/0001-48,"239,169,007.27",100 milhões – 1 bilhão,Atividades de apoio à extração de minerais não metálicos,145.00,51–200,"Indaiatuba, SP",[{'job_industry_list': {'industry': 'Facilities Services'}}],https://www.linkedin.com/company/vrental,['Management and Manufacturing'],,,,
Lhoist,LHOIST DO BRASIL LTDA,01.172.656/0001-54,"44,688,909.00",10 – 100 milhões,Desenvolvimento e licenciamento de programas de computador customizáveis,"3,350.00",1001-5000,"Limelette, Walloon Region","[{'job_industry_list': {'industry': 'Mining, Oil and Gas, and Industrial Machinery Manufacturing'}}]",https://www.linkedin.com/company/lhoist,['Engineering and Information Technology'],,,,
SMARTBREEDER,SMARTBREEDER S.A.,10.792.020/0001-04,"4,999,002.00",1 – 10 milhões,Holdings de instituições não-financeiras,109.00,51–200,"Piracicaba, São Paulo",[{'job_industry_list': {'industry': 'IT Services and IT Consulting'}}],https://www.linkedin.com/company/smartbreeder,['Other'],,,,
Henry Schein,HENRY SCHEIN LATIN AMERICA PACIFIC RIM INC.,13.628.842/0001-34,0.00,Até 100 mil,Comércio atacadista de cosméticos e produtos de perfumaria,"10,205.00",+10000,"Melville, NY",[{'job_industry_list': {'industry': 'Retail'}}],https://www.linkedin.com/company/henry-schein,['Other'],,,,
Donatti Professionale,PROFESSIONALE COSMETICOS LTDA,11.082.936/0001-25,"75,000.00",Até 100 mil,********,64.00,51–200,,[{'job_industry_list': {'industry': 'Cosmetics'}}],https://www.linkedin.com/company/donatti,['Management and Manufacturing'],,,,
Bluetech Films,HELIOBLOCK COMERCIO DE PELICULAS AUTOMOTIVAS LTDA,41.030.548/0002-42,"50,000.00",Até 100 mil,Fabricação de aparelhos e equipamentos para distribuição e controle de energia elétrica,46.00,11–50,"Goiânia, Goiás",[{'job_industry_list': {'industry': 'Wholesale Import and Export'}}],https://www.linkedin.com/company/bluetech-films,['Information Technology'],,,,
VR Painéis Elétricos,VR SERVICES COMERCIO DE PAINEIS ELETRICOS LTDA,35.945.470/0001-02,"120,000.00",100 mil – 1 milhão,Administração de cartões de crédito,139.00,51–200,"São José do Rio Preto, São Paulo",[{'job_industry_list': {'industry': 'Automation Machinery Manufacturing'}}],https://www.linkedin.com/company/vrpaineiseletricos,['Manufacturing'],,,,
MaisTODOS,ADMINISTRADORA CARTAO DE CREDITO TODOS S.A.,28.101.795/0001-43,"1,388,606.00",1 – 10 milhões,Desenvolvimento e licenciamento de programas de computador customizáveis,207.00,201–500,"Ribeirão Preto, São Paulo",[{'job_industry_list': {'industry': 'Financial Services'}}],https://www.linkedin.com/company/maistodos,['Business Development and Sales'],,,,
Bankme.,BANKME S.A.,39.158.212/0001-37,"13,212,215.00",10 – 100 milhões,Testes e análises técnicas,68.00,51–200,"Londrina, Paraná",[{'job_industry_list': {'industry': 'Financial Services'}}],https://www.linkedin.com/company/bank-me,['Education and Training'],,,,
Liquitec Transformadores,LIQUITEC TRANSFORMADORES LTDA,24.306.270/0001-93,"1,000,000.00",100 mil – 1 milhão,"Confecção de roupas profissionais, exceto sob medida",14.00,11–50,,[{'job_industry_list': {'industry': 'Repair and Maintenance'}}],https://www.linkedin.com/company/liquitec-transformadores,['Sales and Business Development'],,,,
Funcional Uniformes,FUNCIONAL TECHNOLOGICAL GARMENT LTDA,02.777.319/0001-53,"300,000.00",100 mil – 1 milhão,Desenvolvimento de programas de computador sob encomenda,5.00,0–10,,[{'job_industry_list': {'industry': 'Retail'}}],https://www.linkedin.com/company/funcional-uniformes,['Sales and Management'],,,,
LEVTY,LEVTY SISTEMAS LTDA,35.856.750/0001-44,"1,000,000.00",100 mil – 1 milhão,Incorporação de empreendimentos imobiliários,413.00,201–500,Global,[{'job_industry_list': {'industry': 'IT Services and IT Consulting'}}],https://www.linkedin.com/company/levty,['Information Technology'],,,,
FG Empreendimentos,FG PRIME EMPREENDIMENTOS LTDA,04.743.028/0001-70,"17,973,741.00",10 – 100 milhões,"Atividades auxiliares dos seguros, da previdência complementar e dos planos de saúde não especificadas anteriormente","1,329.00",1001-5000,"Balneário Camboriú, Santa Catarina",[{'job_industry_list': {'industry': 'Construction'}}],https://www.linkedin.com/company/fg-empreendimentos,['Engineering and Information Technology'],,,,
Valem,VALEM ADMINISTRADORA DE BENEFICIOS LTDA.,11.340.037/0001-85,"6,000,000.00",1 – 10 milhões,"Comércio varejista de mercadorias em geral, com predominância de produtos alimentícios - supermercados",115.00,51–200,"Belo Horizonte, Minas Gerais",[{'job_industry_list': {'industry': 'Facilities Services'}}],https://www.linkedin.com/company/valemadm,['Consulting'],,,,
Dom Atacadista,DOM ATACAREJO S.A.,31.698.759/0001-13,"403,486,992.21",100 milhões – 1 bilhão,"Comércio varejista de produtos farmacêuticos, com manipulação de fórmulas","1,855.00",1001-5000,"Rio de Janeiro, RJ",[{'job_industry_list': {'industry': 'Retail'}}],https://www.linkedin.com/company/dom-atacadista,['Other'],,,,
Pharmapele,GRADAR PRODUTOS FARMACEUTICOS LTDA,12.806.626/0001-79,"1,000,000.00",100 mil – 1 milhão,"Fabricação de máquinas e equipamentos para a agricultura e pecuária, peças e acessórios, exceto para irrigação",644.00,501–1000,"Recife, PE",[{'job_industry_list': {'industry': 'Wellness and Fitness Services'}}],https://www.linkedin.com/company/pharmapele,['Other'],,,,
Bruning Tecnometal,BRUNING TECNOMETAL LTDA.,89.673.164/0001-93,"80,000,000.00",10 – 100 milhões,Pesquisa e desenvolvimento experimental em ciências físicas e naturais,"1,576.00",1001-5000,"Panambi, Rio Grande do Sul",[{'job_industry_list': {'industry': 'Mining'}}],https://www.linkedin.com/company/bruning-tecnometal,['Other'],,,,
Brazilian Center for Research in Energy and Materials (CNPEM),CENTRO NACIONAL DE PESQUISA EM ENERGIA E MATERIAIS,01.576.817/0001-75,0.00,Até 100 mil,"Fabricação de máquinas e equipamentos para uso industrial específico não especificados anteriormente, peças e acessórios","1,408.00",1001-5000,"Campinas, São Paulo",[{'job_industry_list': {'industry': 'Research Services'}}],https://www.linkedin.com/company/cnpem,"['Research, Analyst, and Information Technology']",,,,
VMI Security,VMI SISTEMAS DE SEGURANCA LTDA,05.293.074/0001-87,"2,182,500.00",1 – 10 milhões,Comércio atacadista de artigos de escritório e de papelaria,317.00,201–500,"Lagoa Santa , Minas Gerais",[{'job_industry_list': {'industry': 'Security and Investigations'}}],https://www.linkedin.com/company/vmi-security,[],,,,
SUMMIT,SUMMIT COMERCIO IMPORTACAO E EXPORTACAO LTDA,73.827.982/0001-63,"2,600,000.00",1 – 10 milhões,Fabricação de produtos de panificação industrial,71.00,51–200,"Porto Alegre, Rio Grande do Sul",[{'job_industry_list': {'industry': 'Wholesale Import and Export'}}],https://www.linkedin.com/company/somos-summit,['Business Development and Sales'],,,,
Padaria Real,REAL ALIMENTOS LTDA .,71.451.926/0001-41,"5,877,000.00",1 – 10 milhões,Desenvolvimento de programas de computador sob encomenda,"1,955.00",1001-5000,"Sorocaba, São Paulo",[{'job_industry_list': {'industry': 'Food and Beverage Services'}}],https://www.linkedin.com/company/padaria-real-oficial,['Management and Manufacturing'],,,,
PremierSoft,PREMIERSOFT SOLUCOES EM TECNOLOGIA LTDA,15.051.411/0001-83,"100,000.00",Até 100 mil,"Suporte técnico, manutenção e outros serviços em tecnologia da informação",206.00,201–500,"Blumenau, Santa Catarina",[{'job_industry_list': {'industry': 'IT Services and IT Consulting'}}],https://www.linkedin.com/company/premiersoft,['Information Technology'],,,,
Gobrax,GOBRAX SERVICOS EM TECNOLOGIA LTDA,22.280.923/0001-87,"800,000.00",100 mil – 1 milhão,Outras atividades de serviços prestados principalmente às empresas não especificadas anteriormente,115.00,51–200,"Curitiba, Paraná",[{'job_industry_list': {'industry': 'IT Services and IT Consulting'}}],https://www.linkedin.com/company/gobrax,['Analyst'],,,,
Inffus,INFFUS NEGOCIOS DIGITAIS LTDA.,12.113.035/0001-16,"10,000.00",Até 100 mil,Comércio varejista de artigos de óptica,15.00,11–50,"Curitiba, Paraná",[{'job_industry_list': {'industry': 'Marketing Services'}}],https://www.linkedin.com/company/inffus,['Marketing and Sales'],,,,
Tri-Jóia,HIPEROPTICA COMERCIO DE PRODUTOS OPTICOS LTDA,11.095.795/0001-85,"100,000.00",Até 100 mil,Comércio atacadista de máquinas e equipamentos para uso industrial; partes e peças,36.00,11–50,"Novo Hamburgo, RS",[{'job_industry_list': {'industry': 'Retail'}}],https://www.linkedin.com/company/trijoia,['Human Resources'],,,,
LEANRH,RW FABRICACAO E DISTRIBUICAO DE MAQUINAS E EQUIPAMENTOS LTDA,22.203.983/0001-04,"96,000.00",Até 100 mil,"Portais, provedores de conteúdo e outros serviços de informação na internet",1.00,0–10,"Curitiba, PR",[{'job_industry_list': {'industry': 'Human Resources Services'}}],https://www.linkedin.com/company/leanrh,[],,,,
aTip,ATIP PLATAFORMA TECNOLOGICA E EVENTOS LTDA,44.695.347/0001-71,"10,000.00",Até 100 mil,"Comércio a varejo de automóveis, camionetas e utilitários novos",13.00,11–50,São Paulo,[{'job_industry_list': {'industry': 'Human Resources Services'}}],https://www.linkedin.com/company/atipio,['Engineering and Information Technology'],,,,
Artvel Chevrolet,"ARTVEL - VEICULOS, PECAS E SERVICOS LTDA.",63.998.314/0001-45,"11,607,350.00",10 – 100 milhões,Consultoria em tecnologia da informação,108.00,51–200,"Mogi Mirim, São Paulo",[{'job_industry_list': {'industry': 'Motor Vehicle Manufacturing'}}],https://www.linkedin.com/company/artvel-chevrolet,['Other'],,,,
Xtreme IT,XTREME CONSULTORIA EM TECNOLOGIA DA INFORMACAO LTDA,12.429.440/0001-48,"100,000.00",Até 100 mil,Transporte rodoviário de produtos perigosos,30.00,11–50,"Indaiatuba, São Paulo",[{'job_industry_list': {'industry': 'IT Services and IT Consulting'}}],https://www.linkedin.com/company/xtreme-it,['Information Technology'],,,,
Transjordano,TRANSJORDANO LTDA,02.804.480/0001-79,"16,282,305.00",10 – 100 milhões,Comércio atacadista de cosméticos e produtos de perfumaria,423.00,201–500,"Paulínia, São Paulo",[{'job_industry_list': {'industry': 'Truck Transportation'}}],https://www.linkedin.com/company/transjordano,['Administrative'],,,,
EISEN DISTRIBUIÇÃO ESPECIALIZADA,EISEN DISTRIBUICAO ESPECIALIZADA LTDA,14.008.597/0001-25,"100,000.00",Até 100 mil,Serviços de desenho técnico relacionados à arquitetura e engenharia,66.00,51–200,"Santa Cruz do Sul, Rio Grande do Sul",[{'job_industry_list': {'industry': 'Personal Care Product Manufacturing'}}],https://www.linkedin.com/company/eisendistribuicao,['Administrative'],,,,
Tess Projetos,TESS PROJETOS DO PRODUTO LTDA,02.286.980/0001-66,"1,400,000.00",1 – 10 milhões,"Suporte técnico, manutenção e outros serviços em tecnologia da informação",91.00,51–200,"Curitiba, Paraná","[{'job_industry_list': {'industry': 'Appliances, Electrical, and Electronics Manufacturing'}}]",https://www.linkedin.com/company/tess-projetos,['Engineering and Information Technology'],,,,
Smart NX,SMART NX TECNOLOGIA LTDA,27.447.387/0001-85,"630,253.00",100 mil – 1 milhão,Outras obras de engenharia civil não especificadas anteriormente,124.00,51–200,"Juiz de Fora, Minas Gerais",[{'job_industry_list': {'industry': 'IT Services and IT Consulting'}}],https://www.linkedin.com/company/smart-nx,['Other'],,,,
Agrimat,AGRIMAT ENGENHARIA E EMPREENDIMENTOS LTDA,07.095.509/0001-04,"29,159,624.00",10 – 100 milhões,Comércio varejista de madeira e artefatos,187.00,51–200,,[{'job_industry_list': {'industry': 'Construction'}}],https://www.linkedin.com/company/agrimat-engenharia,['Other'],,,,
ALLMAD,J.N. MIRANDA LTDA,31.312.608/0001-85,"195,400.00",100 mil – 1 milhão,Seleção e agenciamento de mão-de-obra,50.00,11–50,,[{'job_industry_list': {'industry': 'Retail'}}],https://www.linkedin.com/company/allmad-portas-e-pisos,['Management and Manufacturing'],,,,
Empregar,EMPREGAR JA ESTAGIOS E EFETIVOS LTDA,22.369.844/0001-47,"200,000.00",100 mil – 1 milhão,Terminais rodoviários e ferroviários,3.00,0–10,,[{'job_industry_list': {'industry': 'Human Resources Services'}}],https://www.linkedin.com/company/empregar,['Management and Manufacturing'],,,,
ONNO Log,ONNO LOGISTICA LTDA.,26.756.350/0001-76,"73,898,000.00",10 – 100 milhões,Edição integrada à impressão de livros,172.00,51–200,"Belo Horizonte, Minas Gerais","[{'job_industry_list': {'industry': 'Transportation, Logistics, Supply Chain and Storage'}}]",https://www.linkedin.com/company/onnolog,['Management and Manufacturing'],,,,
IESDE,IESDE BRASIL S/A,03.295.274/0001-43,0.00,Até 100 mil,Atividades de consultoria em gestão empresarial,321.00,201–500,"Curitiba, Paraná",[{'job_industry_list': {'industry': 'Consumer Services'}}],https://www.linkedin.com/company/iesde,['Accounting/Auditing and Finance'],,,,
Conscer Carreiras,CONSCER CONSULTORIA E TREINAMENTOS LTDA,40.729.306/0001-06,"10,000.00",Até 100 mil,"Fabricação de caldeiras geradoras de vapor, exceto para aquecimento central e para veículos",2.00,0–10,"são paulo, SP",[{'job_industry_list': {'industry': 'Computer and Network Security'}}],https://www.linkedin.com/company/conscercarreiras,['Engineering and Information Technology'],,,,
Burntech,BURNTECH CALDEIRAS E EQUIPAMENTOS LTDA,19.814.487/0001-74,"700,000.00",100 mil – 1 milhão,Coleta de resíduos perigosos,44.00,11–50,"Agrolândia, Santa Catarina",[{'job_industry_list': {'industry': 'Industrial Machinery Manufacturing'}}],https://www.linkedin.com/company/burntech-ind,['Management and Manufacturing'],,,,
Colefar,COLEFAR LTDA,04.962.103/0001-93,"400,000.00",100 mil – 1 milhão,Desenvolvimento e licenciamento de programas de computador não-customizáveis,43.00,11–50,,[{'job_industry_list': {'industry': 'Environmental Services'}}],https://www.linkedin.com/company/colefar,['Other'],,,,
Tecla T,TECLA T DESENVOLVIMENTO E LICENCIAMENTO DE PROGRAMAS LTDA,28.704.142/0001-59,"200,000.00",100 mil – 1 milhão,Comércio atacadista de calçados,211.00,201–500,Fortaleza,[{'job_industry_list': {'industry': 'Computer and Network Security'}}],https://www.linkedin.com/company/tecla-t,['Engineering and Information Technology'],,,,
Arezzo&Co,AZZAS 2154 S.A,16.590.234/0001-76,"2,317,182,381.79",Acima de 1 bilhão,Seleção e agenciamento de mão-de-obra,"4,623.00",1001-5000,"Campo Bom, RS",[{'job_industry_list': {'industry': 'Retail'}}],https://www.linkedin.com/company/arezzoco,['Sales and Management'],,,,
Caetano Headhunter,FERNANDA RIBEIRO CAETANO,50.330.122/0001-14,"2,000.00",Até 100 mil,"Fabricação de adubos e fertilizantes, exceto organo-minerais",1.00,0–10,,[{'job_industry_list': {'industry': 'Human Resources Services'}}],https://www.linkedin.com/company/caetano-headhunter,['Finance'],,,,
Fortgreen,FORTGREEN COMERCIAL AGRICOLA LTDA,06.228.648/0001-04,"164,967,371.00",100 milhões – 1 bilhão,Comércio varejista de artigos do vestuário e acessórios,395.00,201–500,"Paiçandu, Paraná",[{'job_industry_list': {'industry': 'Farming'}}],https://www.linkedin.com/company/fortgreen,['Other'],,,,
Agora Sou Mãe,AGORA SOU MAE LTDA,16.624.250/0001-32,"10,000.00",Até 100 mil,Comércio por atacado de peças e acessórios novos para veículos automotores,35.00,11–50,"São José, SC",[{'job_industry_list': {'industry': 'Apparel & Fashion'}}],https://www.linkedin.com/company/agorasoum%c3%a3e,['Other'],,,,
Brazmax,BRAZMAX COMERCIO DE PRODUTOS AUTOMOTIVOS LTDA,04.208.093/0001-03,"780,000.00",100 mil – 1 milhão,Beneficiamento de minério de metais preciosos,95.00,51–200,"Simões Filho, Bahia",[{'job_industry_list': {'industry': 'Wholesale Petroleum and Petroleum Products'}}],https://www.linkedin.com/company/brazmax,['Sales'],,,,
Harpia Gold,HARPIA MINERACAO SPE LTDA,47.734.291/0001-05,"10,000.00",Até 100 mil,"Fabricação de cabines, carrocerias e reboques para outros veículos automotores, exceto caminhões e ônibus",148.00,51–200,"Cuiabá, Mato Grosso",[{'job_industry_list': {'industry': 'Mining'}}],https://www.linkedin.com/company/harpia-gold,['Administrative'],,,,
Xmobots,XMOBOTS AEROESPACIAL E DEFESA LTDA,08.996.487/0001-16,"50,864,095.00",10 – 100 milhões,"Agenciamento de cargas, exceto para o transporte marítimo",577.00,501–1000,"São Carlos, São Paulo",[{'job_industry_list': {'industry': 'Aviation and Aerospace Component Manufacturing'}}],https://www.linkedin.com/company/xmobots,['Education and Training'],,,,
Cargocenter Oficial,CARGOCENTER AGENCIA DE CARGAS LTDA,00.702.501/0001-10,"200,000.00",100 mil – 1 milhão,Comércio varejista de brinquedos e artigos recreativos,49.00,11–50,"Caxias do Sul, Rio Grande do Sul","[{'job_industry_list': {'industry': 'Transportation, Logistics, Supply Chain and Storage'}}]",https://www.linkedin.com/company/cargocenteroficial,"['Human Resources', 'Management and Manufacturing']",,,,
Aquarela Parques,AQUARELA PARQUES LTDA,10.433.905/0001-09,"950,000.00",100 mil – 1 milhão,"Transporte rodoviário de carga, exceto produtos perigosos e mudanças, intermunicipal, interestadual e internacional",73.00,51–200,"Nova Aliança, São Paulo",[{'job_industry_list': {'industry': 'Recreational Facilities'}}],https://www.linkedin.com/company/aquarela-parques,['Other'],,,,
REITERLOG,REITER TRANSPORTES E LOGISTICA LTDA,10.466.983/0001-00,"101,020,000.00",100 milhões – 1 bilhão,"Transporte rodoviário coletivo de passageiros, com itinerário fixo, intermunicipal, exceto em região metropolitana",994.00,501–1000,"Nova Santa Rita, RS","[{'job_industry_list': {'industry': 'Transportation, Logistics, Supply Chain and Storage'}}]",https://www.linkedin.com/company/reiterlog,['Management and Manufacturing'],,,,
Expresso Princesa dos Campos,EXPRESSO PRINCESA DOS CAMPOS SA,80.227.796/0001-59,"77,644,982.11",10 – 100 milhões,"Aluguel de máquinas e equipamentos para construção sem operador, exceto andaimes",776.00,501–1000,"Ponta Grossa, Paraná",[{'job_industry_list': {'industry': 'Truck Transportation'}}],https://www.linkedin.com/company/expressoprincesadoscampos,['Other'],,,,
DHL Equipamentos,TDL LOCACAO E MANUTENCAO DE MAQUINAS E EQUIPAMENTOS LTDA,14.681.895/0001-81,"1,500,000.00",1 – 10 milhões,Estacionamento de veículos,52.00,51–200,Ananindeua,[{'job_industry_list': {'industry': 'Construction'}}],https://www.linkedin.com/company/dhl-equipamentos,['Other'],,,,
Autopark Estacionamentos,AUTOPARK ESTACIONAMENTOS AUTOMOTIVOS LTDA,03.351.542/0001-05,0.00,Até 100 mil,"Sociedades de crédito, financiamento e investimento - financeiras",469.00,201–500,"Curitiba, Paraná",[{'job_industry_list': {'industry': 'Consumer Services'}}],https://www.linkedin.com/company/autoparkestacionamentos,['Other'],,,,
Golden Cloud Technology,CENTROS DE NEGOCIOS E INVESTIMENTOS LTDA,04.630.858/0001-90,0.00,Até 100 mil,Preparação e fiação de fibras de algodão,159.00,51–200,"Fortaleza, Ceará",[{'job_industry_list': {'industry': 'Information Technology & Services'}}],https://www.linkedin.com/company/goldencloudtech,['Information Technology'],,,,
Incofibras,INCOFIBRAS INDUSTRIA E COMERCIO DE ALGODAO LTDA,26.199.969/0001-27,"148,781,800.00",100 milhões – 1 bilhão,Desenvolvimento de programas de computador sob encomenda,55.00,51–200,"CAMPO VERDE, MATO GROSSO",[{'job_industry_list': {'industry': 'Textile Manufacturing'}}],https://www.linkedin.com/company/incofibras,['Other'],,,,
Soeltech,SOELTECH DESENVOLVIMENTO E COMERCIO DE SISTEMAS LTDA,80.090.244/0001-41,"100,000.00",Até 100 mil,Comércio atacadista de ferragens e ferramentas,44.00,11–50,"Rio do Sul, Santa Catarina",[{'job_industry_list': {'industry': 'Software Development'}}],https://www.linkedin.com/company/soeltech,['Information Technology'],,,,
DELUPO,A. SILVA FERRAGENS LTDA,02.492.310/0001-04,"20,000,000.00",10 – 100 milhões,Atividades de teleatendimento,119.00,51–200,"Criciúma, Santa Catarina",[{'job_industry_list': {'industry': 'Retail'}}],https://www.linkedin.com/company/delupoferragens,['Other'],,,,
SX Negócios,PULSE CLIENT EXPERTS LTDA,13.043.951/0001-90,"75,050,000.00",10 – 100 milhões,"Comércio atacadista de máquinas, aparelhos e equipamentos para uso agropecuário; partes e peças","7,136.00",5001-10000,"Novo Hamburgo, Rio Grande do Sul",[{'job_industry_list': {'industry': 'IT Services and IT Consulting'}}],https://www.linkedin.com/company/vemprapulse,['Education and Training'],,,,
Terra Premium,TERRA PREMIUM COMERCIO DE MAQUINAS AGRICOLAS LTDA.,21.346.829/0001-10,"30,000,000.00",10 – 100 milhões,"Suporte técnico, manutenção e outros serviços em tecnologia da informação",122.00,51–200,"Rondonópolis, Mato Grosso",[{'job_industry_list': {'industry': 'Machinery Manufacturing'}}],https://www.linkedin.com/company/terrapremiumnewholland,['Engineering'],,,,
Cobmais,COBMAIS TECNOLOGIA PARA RECUPERACAO DE CREDITO LTDA,23.322.556/0001-08,"80,000.00",Até 100 mil,Incorporação de empreendimentos imobiliários,90.00,51–200,"Presidende Prudente, São Paulo",[{'job_industry_list': {'industry': 'Software Development'}}],https://www.linkedin.com/company/cobmais,['Information Technology'],,,,
Longitude Incorporadora,LONGITUDE INCORPORACAO & URBANISMO LTDA,15.387.496/0001-75,"15,000,000.00",10 – 100 milhões,Atividades de fornecimento de infra-estrutura de apoio e assistência a paciente no domicílio,383.00,201–500,"Indaiatuba, São Paulo",[{'job_industry_list': {'industry': 'Real Estate'}}],https://www.linkedin.com/company/longitudeoficial,['Finance'],,,,
Constat,CONSTAT - CONSULTORIA E AUDITORIA MEDICO HOSPITALAR E ATENDIMENTO DOMICILIAR LTDA.,03.976.760/0001-27,"200,000.00",100 mil – 1 milhão,"Tratamento de dados, provedores de serviços de aplicação e serviços de hospedagem na internet",300.00,201–500,"Porto Alegre, Rio Grande do Sul",[{'job_industry_list': {'industry': 'IT Services and IT Consulting'}}],https://www.linkedin.com/company/constat-servi-os-em-inform-tica---brazil,['Business Development and Sales'],,,,
Hostweb,HOSTWEB DATA CENTER E SERVICOS LTDA,07.319.644/0001-96,"1,350,000.00",1 – 10 milhões,Pesquisa e desenvolvimento experimental em ciências sociais e humanas,75.00,51–200,,[{'job_industry_list': {'industry': 'IT Services and IT Consulting'}}],https://www.linkedin.com/company/hostweb-data-center-e-servicos,['Information Technology'],,,,
FADESP,FUNDACAO DE AMPARO E DESENVOLVIMENTO DA PESQUISA,05.572.870/0001-59,0.00,Até 100 mil,,341.00,201–500,"Belem, Pará",[{'job_industry_list': {'industry': 'Think Tanks'}}],https://www.linkedin.com/company/fadesp,['Information Technology'],,,,
América Jeans,COMERCIO DE CONFECCOES ZEFERINO LTDA,01.110.262/0001-71,"100,000.00",Até 100 mil,Educação superior - graduação e pós-graduação,214.00,201–500,"Várzea Grande, Mato Grosso",[{'job_industry_list': {'industry': 'Retail'}}],https://www.linkedin.com/company/am%c3%a9rica-jeans,"['Other', 'Sales and Business Development']",,,,
Join LinkedIn,PARTNER SOLUCOES EMPRESARIAIS LTDA,91.693.531/0001-62,"78,800.00",Até 100 mil,Comércio varejista de artigos do vestuário e acessórios,Não encontrado,+10000,Não encontrada,"[{'job_industry_list': {'industry': 'Primary and Secondary Education, Higher Education, and Education Administration Programs'}}, {'job_industry_list': {'industry': 'Education Administration Programs, Higher Education, and Primary and Secondary Education'}}]",https://www.linkedin.com/school/feevale/,['Human Resources'],,,,
New Service,NEW SERVICE SERVICOS E CONSULTORIA EM GESTAO EMPRESARIAL LTDA,40.384.060/0001-70,"10,000.00",Até 100 mil,"Comércio atacadista de máquinas, aparelhos e equipamentos para uso agropecuário; partes e peças",37.00,11–50,"São José, Santa Catarina",[{'job_industry_list': {'industry': 'Wellness and Fitness Services'}}],https://www.linkedin.com/company/ns-sh,['Other'],,,,
Deltamaq,DELTA MAQUINAS LTDA,04.550.434/0001-16,"73,828,400.00",10 – 100 milhões,"Atividades de intermediação e agenciamento de serviços e negócios em geral, exceto imobiliários",274.00,201–500,"Ananindeua, Pará","[{'job_industry_list': {'industry': 'Machinery Manufacturing'}}, {'job_industry_list': {'industry': 'Pagmamanupaktura ng Machinery'}}]",https://www.linkedin.com/company/deltamaqltda,"['Other', 'Consulting, Information Technology, and Sales', 'Iba pa']",,,,
China Gate Importação,CHINA GATE IMPORTACAO E EXPORTACAO LTDA,28.115.607/0001-36,"10,000.00",Até 100 mil,Desenvolvimento e licenciamento de programas de computador customizáveis,59.00,51–200,"Maringá, Paraná",[{'job_industry_list': {'industry': 'Wholesale Import and Export'}}],https://www.linkedin.com/company/china-gate,['Customer Service'],,,,
KMM,KMM SOLUCOES TECNOLOGICAS LTDA.,02.355.037/0001-68,"59,073,747.00",10 – 100 milhões,Fabricação de móveis com predominância de madeira,344.00,201–500,"Ponta Grossa, PR",[{'job_industry_list': {'industry': 'IT Services and IT Consulting'}}],https://www.linkedin.com/company/kmmlogistica,['Human Resources'],,,,
Lieu du Vin Adegas Climatizadas,LIEU DU VIN PRODUCAO E COMERCIALIZACAO DE ADEGAS LTDA,18.709.142/0001-98,"29,000.00",Até 100 mil,Consultoria em tecnologia da informação,17.00,11–50,"Poços de Caldas, Minas Gerais",[{'job_industry_list': {'industry': 'Furniture and Home Furnishings Manufacturing'}}],https://www.linkedin.com/company/lieu-du-vin-adegas-climatizadas,['Production'],,,,
ImpulseUP,IMPULSEUP TECNOLOGIA LTDA.,46.743.554/0001-80,"100,000.00",Até 100 mil,Fabricação de desinfestantes domissanitários,109.00,51–200,"Brasília, Distrito Federal",[{'job_industry_list': {'industry': 'Retail'}}],https://www.linkedin.com/company/impulseup,['Sales and Business Development'],,,,
Insetimax,INSETIMAX INDUSTRIA QUIMICA LTDA,05.328.961/0001-43,"1,290,000.00",1 – 10 milhões,Treinamento em desenvolvimento profissional e gerencial,109.00,51–200,Matriz em Jardinópolis-SP,[{'job_industry_list': {'industry': 'Chemical Manufacturing'}}],https://www.linkedin.com/company/insetimax-industria-quimica-ltda,['Sales and Business Development'],,,,
Aprova Total,APROVA TOTAL EDUCACAO S.A,18.311.735/0001-00,"5,100,001.00",1 – 10 milhões,Construção de edifícios,151.00,51–200,"Florianópolis, Santa Catarina","[{'job_industry_list': {'industry': 'Technology, Information and Media'}}]",https://www.linkedin.com/company/aprova-total,['Education'],,,,
Konpax,KONPAX CONSTRUCOES LTDA,11.655.258/0001-42,"9,000,000.00",1 – 10 milhões,Desenvolvimento e licenciamento de programas de computador customizáveis,28.00,11–50,"Fortaleza, Ceará",[{'job_industry_list': {'industry': 'Business Consulting and Services'}}],https://www.linkedin.com/company/konpax-do-brasil-consultoria-e-comunica-es-ltda,['Purchasing and Supply Chain'],,,,
Planetfone,PLANET FONE SERVICOS DE INFORMATICA LTDA.,07.105.582/0001-10,"50,000.00",Até 100 mil,"Comércio atacadista de instrumentos e materiais para uso médico, cirúrgico, hospitalar e de laboratórios",21.00,11–50,"Belo Horizonte, Minas Gerais",[{'job_industry_list': {'industry': 'Information Technology & Services'}}],https://www.linkedin.com/company/pabx-ip-planetfone-brasil,['Business Development and Sales'],,,,
Kasvi,KASVI IMPORTACAO E DISTRIBUICAO DE PRODUTOS PARA LABORATORIOS LTDA,13.324.282/0001-24,"30,000,000.00",10 – 100 milhões,Atividades do Operador Portuário,77.00,51–200,"Pinhais, Paraná",[{'job_industry_list': {'industry': 'Wholesale'}}],https://www.linkedin.com/company/kasvi,"['Consulting, Information Technology, and Sales']",,,,
,POSEIDON OPERADORA PORTUARIA LTDA.,19.786.699/0001-95,"200,000.00",100 mil – 1 milhão,Serviços combinados de escritório e apoio administrativo,112.00,51–200,"Vila Velha, Espírito Santo",[],,['Business Development and Sales'],,,,
Florest,R QUINTAES SERVICOS E COMERCIO DE ROUPAS LTDA,27.194.082/0001-09,"100,000.00",Até 100 mil,Fabricação de outros produtos alimentícios não especificados anteriormente,389.00,201–500,"Ji-Paraná, Rondonia",[{'job_industry_list': {'industry': 'Retail'}}],https://www.linkedin.com/company/florest-oficial,['Sales and Business Development'],,,,
Maxinutri,MAXINUTRI LABORATORIO NUTRACEUTICO LTDA,08.646.787/0001-75,"10,000,000.00",1 – 10 milhões,Atividades de contabilidade,71.00,51–200,"Chapecó, Santa Catarina",[{'job_industry_list': {'industry': 'Pharmaceutical Manufacturing'}}],https://www.linkedin.com/company/maxinutrioficial,['Finance and Sales'],,,,
Contaseg,CONTASEG CONTABILIDADE LTDA,09.124.126/0001-42,"5,000.00",Até 100 mil,"Comércio atacadista de defensivos agrícolas, adubos, fertilizantes e corretivos do solo",21.00,11–50,,[{'job_industry_list': {'industry': 'Accounting'}}],https://www.linkedin.com/company/contaseg,['Administrative'],,,,
KSB Agribusiness,KSB AGRIBUSINESS COMERCIO LTDA,21.523.353/0001-46,"200,000.00",100 mil – 1 milhão,Pesquisa e desenvolvimento experimental em ciências físicas e naturais,"1,990.00",1001-5000,"Sao Paulo, SP",[{'job_industry_list': {'industry': 'Retail'}}],https://www.linkedin.com/company/ksb-agribusinesss,['Administrative'],,,,
CTC,CTC - CENTRO DE TECNOLOGIA CANAVIEIRA S.A.,06.981.381/0001-13,"562,203,309.12",100 milhões – 1 bilhão,Consultoria em tecnologia da informação,323.00,201–500,"São Paulo , SP",[{'job_industry_list': {'industry': 'IT Services and IT Consulting'}}],https://www.linkedin.com/company/ctctech,['Information Technology'],,,,
Econodata,ECONODATA TECNOLOGIA DA INFORMACAO LTDA,17.948.237/0001-00,"10,000.00",Até 100 mil,Holdings de instituições não-financeiras,"23,934.00",+10000,"Nanterre, Île-de-France",[{'job_industry_list': {'industry': 'IT Services and IT Consulting'}}],https://www.linkedin.com/company/econodata,['Sales'],,,,
VINCI Energies,VINCI ENERGIES DO BRASIL PARTICIPACOES LTDA.,09.477.732/0001-41,"729,818,505.00",100 milhões – 1 bilhão,********,50.00,11–50,"Chapecó, Santa Catarina",[{'job_industry_list': {'industry': 'Information Technology & Services'}}],https://www.linkedin.com/company/vinci-energies,['Management and Manufacturing'],,,,
Munique Concessionária Autorizada Thermo King,MUNIQUE COMERCIO E REPRESENTACOES LTDA,03.800.017/0002-00,"1,684,126.00",1 – 10 milhões,Serviços combinados de escritório e apoio administrativo,9.00,0–10,"Passo Fundo, Rio Grande do Sul",[{'job_industry_list': {'industry': 'Truck Transportation'}}],https://www.linkedin.com/company/muniquetk,['Accounting/Auditing and Finance'],,,,
Win Carreira,WIN CARREIRA GESTAO DE PESSOAS LTDA,19.397.580/0001-20,"3,000.00",Até 100 mil,Comércio atacadista de cosméticos e produtos de perfumaria,376.00,201–500,"Londrina, Paraná",[{'job_industry_list': {'industry': 'Human Resources Services'}}],https://www.linkedin.com/company/win-carreira,['Administrative'],,,,
Leo Cosméticos,LEO COSMETICOS LTDA,08.718.972/0001-28,"1,100,000.00",1 – 10 milhões,Atividades de contabilidade,11.00,11–50,"Blumenau, Santa Catarina",[{'job_industry_list': {'industry': 'Retail'}}],https://www.linkedin.com/company/leo-cosmeticos,['Sales and Business Development'],,,,
ESCOBLU,ESCRITORIO DE CONTABILIDADE BLUMENAU LTDA,82.664.962/0001-00,"10,000.00",Até 100 mil,Comissaria de despachos,23.00,11–50,"Campinas, São Paulo",[{'job_industry_list': {'industry': 'Accounting'}}],https://www.linkedin.com/company/escoblu,[],,,,
General Tradeways,GENERAL TRADEWAYS SERVICOS E TRANSPORTES LTDA,74.649.427/0001-51,"700,000.00",100 mil – 1 milhão,Atividades de cobrança e informações cadastrais,20.00,11–50,"Maringá, Paraná",[{'job_industry_list': {'industry': 'International Trade and Development'}}],https://www.linkedin.com/company/generaltradeways,['Management and Manufacturing'],,,,
Siga GR,SIGA GERENCIAMENTO DE RISCO LTDA,39.351.231/0001-85,"30,000.00",Até 100 mil,Fabricação de baterias e acumuladores para veículos automotores,518.00,501–1000,"Treze Tílias, Santa Catarina","[{'job_industry_list': {'industry': 'Transportation, Logistics, Supply Chain and Storage'}}]",https://www.linkedin.com/company/sigagr,['Management and Manufacturing'],,,,
Baterias Pioneiro,BATERIAS PIONEIRO INDUSTRIAL LTDA,82.927.385/0001-00,"430,000.00",100 mil – 1 milhão,Desenvolvimento de programas de computador sob encomenda,42.00,11–50,"São José do Rio Preto, São Paulo",[{'job_industry_list': {'industry': 'Motor Vehicle Manufacturing'}}],https://www.linkedin.com/company/baterias-pioneiro,['Purchasing and Supply Chain'],,,,
WebPic,WEBPIC DESENVOLVIMENTO DE SOFTWARE LTDA,08.681.915/0001-11,"10,000.00",Até 100 mil,Fabricação de estruturas metálicas,56.00,51–200,"Betim, Minas Gerais",[{'job_industry_list': {'industry': 'Software Development'}}],https://www.linkedin.com/company/grupowebpic,['Human Resources'],,,,
AURATEC,AURATEC INDUSTRIAL LTDA,10.310.348/0001-39,"74,000.00",Até 100 mil,Atividade odontológica,4.00,0–10,"Florianópolis, Santa Catarina",[{'job_industry_list': {'industry': 'Entertainment Providers'}}],https://www.linkedin.com/company/auratec-br,[],,,,
Conecte Odontologia,CONECTA ODONTOLOGIA LTDA,47.281.198/0001-92,"10,000.00",Até 100 mil,Fabricação de periféricos para equipamentos de informática,61.00,51–200,Belo Horizonte,[{'job_industry_list': {'industry': 'Dentists'}}],https://www.linkedin.com/company/conecte-odontologia,[],,,,
Roboflex,MATRIXX DESENVOLVIMENTO DE PECAS TECNICAS LTDA,16.875.130/0001-08,"500,000.00",100 mil – 1 milhão,Fabricação de vinho,186.00,51–200,Canela,[{'job_industry_list': {'industry': 'Computers and Electronics Manufacturing'}}],https://www.linkedin.com/company/roboflex,['Quality Assurance'],,,,
Vitivinícola Jolimont,VITIVINICOLA JOLIMONT LTDA,88.212.881/0001-55,"210,000.00",100 mil – 1 milhão,Holdings de instituições não-financeiras,132.00,51–200,"Curitiba, PR",[{'job_industry_list': {'industry': 'Beverage Manufacturing'}}],https://www.linkedin.com/company/vitivinicola-jolimont,[],,,,
Ábaco Urbanizadora,ABACOBRASIL URBANIZADORA DE OBRAS S.A.,27.113.305/0001-66,"900,000.00",100 mil – 1 milhão,Fabricação de produtos químicos orgânicos não especificados anteriormente,293.00,201–500,"Estância Velha, Rio Grande do Sul",[{'job_industry_list': {'industry': 'Construction'}}],https://www.linkedin.com/company/%c3%a1baco-brasil,['Management and Manufacturing'],,,,
Seta SA,SETA SA EXTRATIVA TANINO DE ACACIA,89.717.268/0001-52,"62,495,194.18",10 – 100 milhões,Comércio varejista de artigos do vestuário e acessórios,259.00,201–500,"Bento Gonçalves, Rio Grande do Sul",[{'job_industry_list': {'industry': 'Chemical Manufacturing'}}],https://www.linkedin.com/company/seta-sa-oficial,['Accounting/Auditing'],,,,
CENCICIA,CENCICIA LTDA,89.341.127/0001-88,"11,625,000.00",10 – 100 milhões,"Tratamento de dados, provedores de serviços de aplicação e serviços de hospedagem na internet",163.00,51–200,"São Paulo, São Paulo",[{'job_industry_list': {'industry': 'Industrial Machinery Manufacturing'}}],https://www.linkedin.com/company/cencicia,"['Consulting, Information Technology, and Sales']",,,,
Hi Platform,HIPLATFORM COMERCIO E TECNOLOGIA S.A.,14.366.418/0001-21,"40,305,926.00",10 – 100 milhões,Educação infantil - pré-escola,35.00,11–50,"Franca, SP",[{'job_industry_list': {'industry': 'Human Resources Services'}}],https://www.linkedin.com/company/hiplatform,['Sales and Business Development'],,,,
Instituição Infacape,INSTITUICAO FAMILIA CAVALHEIRO CAETANO PETRAGLIA,47.963.343/0001-15,0.00,Até 100 mil,Fornecimento de alimentos preparados preponderantemente para empresas,4.00,0–10,"Contagem, Minas Gerais",[{'job_industry_list': {'industry': 'Education'}}],https://www.linkedin.com/company/instituicao-infacape,['Administrative'],,,,
Lacerda Alimentação,LACERDA ALIMENTACAO LTDA,00.101.401/0001-38,"1,000,000.00",100 mil – 1 milhão,Hotéis,103.00,51–200,,[{'job_industry_list': {'industry': 'Warehousing and Storage'}}],https://www.linkedin.com/company/lacerda-alimenta%c3%a7%c3%a3o-ltda,['Management and Manufacturing'],,,,
Taua Resort Caete,TAUA RESORT CAETE LTDA,22.488.316/0001-07,"31,244,391.00",10 – 100 milhões,"Fabricação de tintas, vernizes, esmaltes e lacas",131.00,51–200,"Siderópolis, SANTA CATARINA",[{'job_industry_list': {'industry': 'Travel Arrangements'}}],https://www.linkedin.com/company/taua-resort-caete,['Management and Manufacturing'],,,,
Resicolor Tintas,RESICOLOR INDUSTRIA DE PRODUTOS QUIMICOS LTDA,95.800.637/0001-79,"80,269,863.00",10 – 100 milhões,Comércio atacadista de máquinas e equipamentos para uso comercial; partes e peças,17.00,11–50,,[{'job_industry_list': {'industry': 'Chemical Raw Materials Manufacturing'}}],https://www.linkedin.com/company/resicolortintas,"['Marketing, Public Relations, and Writing/Editing']",,,,
brm*,BRM - BRASILEIRA DE ROLAMENTOS E MANCAIS LTDA,61.237.111/0001-00,"6,000,000.00",1 – 10 milhões,Fabricação de sabões e detergentes sintéticos,2.00,0–10,,[{'job_industry_list': {'industry': 'Legal Services'}}],https://www.linkedin.com/company/brm-,['Sales and Business Development'],,,,
THS Especialidades Químicas,THS QUIMICA LTDA,05.077.422/0001-89,"250,000.00",100 mil – 1 milhão,Holdings de instituições não-financeiras,43.00,11–50,,[{'job_industry_list': {'industry': 'Pharmaceutical Manufacturing'}}],https://www.linkedin.com/company/ths-especialidades-qu%c3%admicas,"['Research, Analyst, and Information Technology']",,,,
Norral Solution,NORRAL SOLUTION SERVICOS DE ADMINISTRACAO E TRANSPORTES LTDA,23.172.122/0001-60,"1,360,000.00",1 – 10 milhões,Motéis,56.00,51–200,"Florianópolis , Santa Catarina",[{'job_industry_list': {'industry': 'Rail Transportation'}}],https://www.linkedin.com/company/norralsolution,"['Marketing, Public Relations, and Writing/Editing']",,,,
Drops Motéis,DROPS MOTEL BRASILIA SPE LTDA,34.426.848/0001-07,"300,000.00",100 mil – 1 milhão,Fabricação de estruturas metálicas,15.00,11–50,,"[{'job_industry_list': {'industry': 'Museums, Historical Sites, and Zoos'}}]",https://www.linkedin.com/company/drops-moteis,"['Design, Art/Creative, and Information Technology']",,,,
Continente Inox,CONTINENTE INOX LTDA,12.021.973/0001-96,"50,000.00",Até 100 mil,Comercio varejista de artigos de armarinho,351.00,201–500,"Curitiba, Parana",[{'job_industry_list': {'industry': 'Entertainment Providers'}}],https://www.linkedin.com/company/continente-inox,['Project Management and Information Technology'],,,,
Inovare,INOVARE LTDA,50.263.795/0001-07,"20,000.00",Até 100 mil,Holdings de instituições não-financeiras,110.00,51–200,"Whiston, Merseyside",[{'job_industry_list': {'industry': 'Professional Services'}}],https://www.linkedin.com/company/inovare,['Management and Manufacturing'],,,,
CDMS,CDMS PARTICIPACOES LTDA.,29.163.592/0001-44,"2,002.00",Até 100 mil,********,3.00,0–10,,[{'job_industry_list': {'industry': 'Human Resources Services'}}],https://www.linkedin.com/company/cdms,"['Consulting, Information Technology, and Sales']",,,,
Talent Hunter,TALENT HUNTER SELECAO E ADMINISTRACAO DE TERCEIROS E TEMPORARIOS LTDA,06.335.262/0001-93,0.00,Até 100 mil,"Comércio atacadista de instrumentos e materiais para uso médico, cirúrgico, hospitalar e de laboratórios",114.00,51–200,"Fortaleza, CE",[{'job_industry_list': {'industry': 'Human Resources Services'}}],https://www.linkedin.com/company/talent-hunt-take-a-chance,['Other'],,,,
Controller,CONTROLLER COMERCIO E SERVICOS LTDA,78.515.210/0001-00,"3,124,000.00",1 – 10 milhões,"Fabricação de produtos de papel, cartolina, papel cartão e papelão ondulado para uso comercial e de escritório, exceto formulário contínuo",570.00,501–1000,"Bauru, SP",[{'job_industry_list': {'industry': 'Professional Services'}}],https://www.linkedin.com/company/controller-fortaleza,['Other'],,,,
Tilibra,ACCO BRANDS BRASIL LTDA.,44.990.901/0001-43,"521,244,578.00",100 milhões – 1 bilhão,Fabricação de outros produtos têxteis não especificados anteriormente,533.00,501–1000,"Blumenau, Santa Catarina",[{'job_industry_list': {'industry': 'Manufacturing'}}],https://www.linkedin.com/company/tilibra,['Manufacturing and Production'],,,,
Haco,HACO ETIQUETAS LTDA,82.645.862/0001-36,"12,550,579.00",10 – 100 milhões,,,,,[{'job_industry_list': {'industry': 'Textile Manufacturing'}}],https://www.linkedin.com/company/haco-oficial,['Quality Assurance'],,,,